feature_1,feature_2,feature_3,feature_4,feature_5,feature_6,feature_7,feature_8,feature_9,feature_10,label
-1.1623455318557534,1.137311527257595,1.153341073795809,-0.8384707467134723,-0.7657562402464376,-1.1440672278124864,0.5928385387084839,-0.13050820965506021,-1.7423947401550062,-0.36729322297237915,1
0.556167193159583,-0.8340730549434224,-1.2760163205447599,1.0477270747473728,1.6816804440949251,0.878757522851789,1.2450483399909984,-1.4238008832185394,1.2111248227729237,-0.018328432668848905,3
-1.295891473463584,1.1203683399277273,0.8588856328149737,-0.834297570083996,-0.8801652675987195,-0.7482861339724658,0.9225307008133034,0.5446194888380286,-1.4415357176013286,-0.4282412652642287,1
0.9012412792286889,-1.1086253575646772,-0.806201250176468,-1.0965653388087335,0.13991172653356257,0.575117942500427,-0.11324776351384389,-0.04134070322510903,0.5846968290795013,-1.3854572053750744,2
1.043646133224862,-1.273936021771217,-1.2578448091939003,1.6152677598957303,2.0041613777889626,0.9012769165734194,0.8989858746276614,-1.8956135108230567,-0.6453833806019749,0.5180500001603303,3
0.8488392577665489,-0.753249152858436,-0.4816728895849086,-0.8062073808146153,0.37655304681899343,1.1050422441219867,-0.4479341874265126,-0.09780718462311314,0.32989127064491747,-1.157724220631303,2
0.9191452400812071,-0.9750118125869596,-0.8660371091962135,-0.5035907581806667,-0.12544964024683267,0.792108341682065,-0.6793923236899779,-0.2511608487223367,1.5475451353833236,-0.8993610014372191,2
-1.489783251276734,0.8608263989156888,0.8829096098622976,-0.9828239518300512,-0.6658375323243332,-0.6092792612305566,1.0985574679544943,-0.3286691198450231,-0.5920576419319946,-0.6213078100999267,1
-1.3854572658185045,1.2252471622166248,1.2901950144498504,-1.5119642867022982,-1.3333522688571466,-0.7187156282450661,-0.1555051825713514,0.0054373283520415755,-2.0720417032282454,-0.8605548173612672,1
0.4828917853393978,-0.9102876816222405,-1.0407121103666792,1.638376920609234,1.0545806766568309,1.4923575980751471,0.8808470999558077,-1.6270968715854657,1.052411809619144,0.3190788447905993,3
0.8839989601478927,-0.7128862261221359,-0.7431585230354201,-0.1000014860575942,0.23547048794905584,1.07111537887914,-0.02703785621940227,-0.037441246292054364,0.9319633354140893,-1.2537971078642627,2
-1.301544379230626,0.7724049438694403,0.8540811083933476,-0.9960320384554067,-0.4265017623627053,-0.8542483333344646,0.49959732024502057,0.06399787872544026,-2.1255212913062254,-0.14438026592383768,1
1.006291733075805,-0.8649174459833082,-1.495791204757739,1.5338732562567787,1.3215136811494674,0.9549092055185093,1.3372174155024776,-1.2159175752804756,0.9578705992720483,-0.023458358765698576,3
0.25748170829016154,-0.7921052703204567,-1.423535634873638,1.3842087561059786,1.411771157350578,0.9532611714157057,1.6910112160734776,-1.2144992712448175,1.5220345636588897,-0.15482535259288557,3
0.555809442625191,-1.0415954120430828,-1.3777996225304152,1.5628494351108788,2.114749487967573,0.8464092847583776,0.4382946593111306,-1.4406455017603412,1.2113764953341755,0.34507752651346574,3
-0.3166083916915253,1.0038626150544037,0.8335321388172783,0.04889582254150008,-0.4180634757434254,-0.9121534112776911,-2.0866706169522944,1.4255840686791468,-0.43955376263933876,1.5639904798312558,0
-1.7433024652258604,0.8368276463991287,1.2627194056301143,-1.1716464270836902,-0.819204138742546,-1.4068360293264859,1.0892128593765014,-0.2597153743459936,-1.2527805497927433,-0.24173684227000786,1
1.313370318576298,-0.8152067983453546,-0.7423735768562749,-0.4839632168463995,-0.22902157598901823,1.0756471892167303,0.10759740203629332,-0.4611886986436231,-0.6414362480165592,-1.3798305893037672,2
0.921565238695657,-0.7822287308045223,-1.4236700830760438,0.6999157320962437,1.7047048823952837,0.7283078759633573,-0.5567811132399927,-2.1644175154629006,1.4899029673523168,0.30492127893966764,3
-1.4943126814205903,1.2200024859134562,0.8607357094847269,-1.0577226969641562,-0.5407931591464483,-0.8201768184961752,0.8120608170019051,0.3258212373682596,-3.093162384829018,-0.12254828890841656,1
-0.0317774824407585,0.7563331349239367,1.326091499396327,0.27125589195549027,-0.8125060653169887,-0.8531506999135167,-1.0470855266247134,1.3124994929719611,-0.3168641580077105,1.4700628996429979,0
1.150914571791708,-0.7575554402142544,-1.4465197479575964,1.5216656622785294,1.484427029828796,1.0575943436769568,1.635431727165095,-1.2658632527825882,1.2865122926962549,0.1385843441120476,3
-1.3672743716392455,1.2160410333739358,1.4345724432519187,-1.3881271677863536,-0.9419001682402722,-1.2320566776515847,0.5487310158445999,0.18607271811490209,-0.6350926329420514,-0.34688745096914164,1
-1.8481572990895607,0.8409114315706718,1.3057788036333968,-1.0489908194545015,-0.6359512543861165,-0.8577669754855902,0.9370825480539982,-0.2825099695764461,-0.5951413537355262,0.023786286275390235,1
1.0322739155948975,-0.9881515434572168,-1.2819427668062702,1.5981931838296868,1.6525297640259793,0.5467539366640409,0.0002720298243366936,-1.1812323675772771,0.8597497135699181,0.11078190720736387,3
-1.002705459653156,0.9353234691679952,1.1243360410671333,-0.8747304819931979,-1.0783325774209045,-1.3499130435179034,-0.2542085169272665,0.3941780529588905,-1.6602584465354058,0.43703722675576906,1
-0.09697407267913713,1.410593127793914,0.7224590398434172,0.3166799099701394,-0.8448690935766293,-1.2968284224005762,-0.6356723254174451,1.4505128875521203,0.7364843521106665,1.0591193997500081,0
-0.2897094968023501,1.11641112919695,0.8481630810174537,0.054547742955389215,-0.6350441330019384,-0.9511554265629624,-0.840790790213503,1.4185468838860882,-0.34252043714545904,1.1630434336426128,0
0.7936053466067966,-0.9016894737661189,-1.4215843561672328,1.7769509997590562,1.323059410944705,1.1282925057584887,1.4320046190846938,-1.2984549503503984,0.8128686426660073,0.10942313914613651,3
-1.6099962769662515,1.0358478982253017,0.8818345368092613,-0.5697667917445667,-1.1208439576932334,-0.8942666262515377,1.9521733086399322,0.06596032000787279,-1.4192719916025143,-0.4306603493375744,1
-0.3231442300126298,0.9017846048510746,0.6767544437421954,-0.14857865038048632,-0.7705718058017008,-0.9619857998943443,-1.342923825153751,1.1926712956313932,-0.7330708653838672,1.204569345027415,0
0.7959418327115798,-0.9338904280378917,-0.7730985930437163,-0.24197203403708062,0.29533580792206887,1.078259446937979,-0.2530317901032804,0.17906962433934837,-0.33845989141911,-1.0409544213419089,2
-0.19477768692358388,1.092335357864018,1.1102312187975079,0.2567249428985974,-0.4713239385240327,-1.3463436516577862,-2.405002005645424,1.2394658918197419,0.4654278747096382,1.3200236636922982,0
-1.4192130646210894,0.9812716033551707,0.9662905887755164,-1.540908172972298,-0.6444573729164967,-1.0622909454989728,-0.03306479669850758,-0.6865250013979749,-1.3110242160180063,0.20313873332924834,1
0.632135038316387,-1.1055293041033083,-1.3089635973423883,1.2274832050183957,1.4934556715033538,1.0946834048183205,0.9138327095025155,-1.6588084981369713,0.6229262341762106,0.58636678284837,3
-0.2932707644166761,1.0198198492839277,0.4019771571679046,0.353300238007132,-0.841483825565925,-0.8937319845703633,-1.2069074461204117,1.610522318005299,0.29302912583028673,1.2019622989031655,0
-2.1597302752045886,1.1626740373978757,0.9504358052341134,-1.1444191241410706,-0.6852450078959181,-0.8929178485250632,1.1352356036520506,-0.049637703952352556,-0.9509485240151058,-0.4015256253128676,1
-1.4613879596876165,0.7717561059588375,1.1643789163977185,-1.2922484599672541,-0.8785153530961174,-0.8002066746922143,1.4639809858704682,0.0697427206018942,-1.0870026266142716,0.1822957845874783,1
-1.3267747791538367,1.210489853795262,1.1666969454628886,-1.1841490559692767,-0.6087555507248824,-0.4925816227089306,0.6117572006787092,-0.1905245231209792,-0.5553367550409258,-0.36010988679655864,1
-0.04216262441413651,0.8690999596702268,0.6586942609212573,0.298360860970064,-1.162280147689803,-1.3527518885216956,-1.7927199433765983,1.1981965415541391,0.41670170622892444,1.7688205157876147,0
-0.0020393792931129866,1.072836163667123,0.8945604686983719,0.5220805941346018,-0.6497938423381105,-0.9155850973850185,-1.3897207545891983,0.8198674706771976,0.4957678989671169,1.3915616174771142,0
0.6548978662648028,-0.9503167446644156,-0.9225794917526423,-0.3813827678910804,-0.03207936746830294,0.6769322330202123,-0.45226633103747294,0.3560898575166718,-0.22419553137841314,-1.1888922803782036,2
0.591946664706766,-1.1488904765723535,-0.9806737355839834,-0.4549349901293169,-0.3498447820944125,0.6538929901497397,-1.4627972329605883,0.005019789333864497,0.03224009405872789,-1.392793272235767,2
-1.3050007270066009,1.1825969425504383,0.8930814444229069,-1.471459221248714,-1.1721697745504265,-0.8185615087648104,0.008305830449569947,-0.4985066210857949,-1.0338887724320096,0.41763373747079474,1
0.3639451863355479,1.044204184311146,0.7106075578777759,0.49132095650075386,-0.5699458434065255,-1.3106297384309227,-0.9747317270875316,1.437245937187466,0.011434871438630567,1.7391647947924123,0
-1.6705947323290553,1.0359567151153053,0.8847457075520407,-0.8250590074914764,-0.7597536718381299,-0.9397108803621752,0.49037416641863507,0.10474445392379375,-0.7431486698823919,-0.5823428427790115,1
-0.30022867802705566,0.9662771939353123,0.8849202835662998,0.04589286373125862,-0.795130095946928,-1.2000349743023841,-1.7262496544993289,0.8863324827137411,-0.4052869896400652,0.9274915081331526,0
0.9755203026166113,-0.8225046452918365,-0.7259522012222024,-0.35398328500643017,-0.18383495538366323,1.1500891388020171,-0.06569493083097419,0.17211573685648823,-0.6506347850889097,-1.5619415977648767,2
0.10687826858042399,1.0727968796307654,0.7616910378287288,0.2681207665411965,-0.5501394029758716,-1.161670416064676,-1.0060021493297264,1.201138070891225,0.0646397789225908,1.6567502758045318,0
-1.9654517593107248,0.9430911297520689,1.2766559734504952,-0.9689349817615279,-0.6473621390899228,-0.9258757855706464,0.6985991035721902,-0.1084015860579265,-0.8272495956395808,-0.19900258649642033,1
0.5409824257500586,-0.894980243811994,-1.0870667337669542,1.3176770469079386,1.7786458586636482,0.7262321886380773,1.5999896771288358,-1.420449252483197,0.5505235301155939,0.17760797919953064,3
-0.05132262057315632,0.734410459495101,0.8060994885893881,0.33876112897841376,-1.0355677292211192,-0.9871224558634111,-1.3099174133846996,0.9552519612328236,0.4479255835886148,1.4966434440157015,0
0.9100470004097923,-0.9191553367653625,-1.1868724155140975,1.5185925446200204,1.7008910706814198,1.3530642623116171,1.050446358018423,-1.6984903136259317,1.8552812064691162,0.7548925070071233,3
1.070248393324205,-0.7962515385185037,-1.2545054051753133,1.5704504657572078,1.8678110932644916,0.7019705873154878,0.48006049665332257,-1.6260696057503194,1.2002897524348144,0.6327594915754999,3
1.4148635166068868,-1.16208206575658,-0.7013047165183707,-0.6179853070799569,0.2501980241658101,0.990260959820708,-0.9760722947739464,-0.11157472828325338,-0.2721633871492672,-1.3185493158621524,2
1.500936018554527,-1.122991318084061,-0.9266675767842787,-1.0747884065147826,0.2214471182454443,0.5005611773743793,-0.4039683542587951,0.1418136224068254,0.25569426923108984,-1.168955646266868,2
0.7703288526883395,-0.8786188532013243,-1.4182831723209068,1.4059621297823688,1.3762190675956363,1.2762326379969775,0.5142407658159381,-1.044448288504487,1.9659672710915572,0.24252532357107848,3
1.3021396133300664,-1.1067984898373897,-0.8987727067900297,1.3832095723639675,1.8848626023510449,0.6846310261524017,1.0615122607959173,-1.616713110432059,0.005131795580716972,0.3316805094821543,3
-0.03853825813831426,-1.0787229803399974,-0.8130631309103596,-1.0092237377721462,-0.21650928641373762,0.9672171399231181,0.6534250992061023,0.10937075290562394,-0.2715965560712098,-1.1598909314922656,2
1.5074595566248468,-1.2801061596901047,-0.2873036779050818,-0.2770362827985822,-0.15721020825909257,1.177463726405281,0.036444862291348405,-0.031938902074111736,-0.41641530414359007,-1.509575682204111,2
-1.6233790331562736,0.8551850218410643,0.8338603285669344,-1.6388735442681426,-0.29802322586805724,-1.1959034415330732,0.5566670841874377,-0.008166157250334915,-1.0879526111078521,-0.08152050865413596,1
-1.7091620793982507,0.6744390907041329,1.1898948296772975,-0.7584679962946114,-0.790667956917838,-0.7143701444243151,1.6964732781724352,0.4078553615982846,-0.20041411975922305,-0.10342680495575209,1
0.972277965413526,-1.2654962274885373,-0.4913089733738875,-1.1327832707076377,0.20186309777281136,1.1489143906450783,-0.5407532267440688,0.059806384750774294,1.4339091930629713,-1.4460788034436012,2
0.804834896261844,-0.9742688431081568,-1.3533394393101728,1.2760764412309924,1.658958869176079,1.4013822992332523,0.7842479774591528,-1.1637971880035063,0.021812976508566173,0.313594547134166,3
0.9434881643886789,-0.8994395350502324,-1.5015725566893394,1.522489606568744,1.9155766208564475,1.1191764052403228,1.2953024246740161,-1.4860939446886454,1.4472226302296962,0.34975492275144016,3
0.9542075214163472,-0.5566569651329131,-0.998226076109915,1.769721994579237,1.2755175226018187,1.1930018010018182,0.6642741727072868,-1.5681545902550644,1.059663281533401,0.5479401575628686,3
-1.3304877907481667,0.8005608029119642,1.3106868989427531,-1.1405261160890108,-0.6092256093632291,-1.1885610264031519,-0.2716782694557986,0.277950602506956,-1.0419938807118225,-0.5927354536514826,1
0.13457528278153089,0.8425409566416731,0.6643813592665665,-0.26087618427189146,-0.9386512489743096,-1.5907957577801244,-2.3307280824093644,1.4527296849066944,0.7329997652006655,1.4563700599481888,0
-1.536014274934538,1.0968748655135234,1.0876779653600737,-1.6412748729897666,-0.970753353142013,-0.9712779640964601,-0.05779253957938733,0.22098330007074451,-0.2731549476607969,0.03841986044720626,1
0.978920064195655,-1.0282402220650038,-0.05547080543757222,-0.34488618131290333,0.19023818170755635,0.6426840718308403,-0.9733881990717569,0.10402088009767986,0.22928284345082026,-1.4783315231948118,2
-1.4927159926046936,0.7161272859781643,1.0166233295448373,-1.3428292959862362,-0.27225624515982033,-0.9787250953867273,0.770797995382305,0.20832191520337986,-1.2636571259782754,0.18016380249256805,1
-0.27652242559544915,1.0342868748332092,0.7578622982603389,0.5280170196587853,-0.81142071717081,-0.9879242009418753,-1.5721403473572315,1.2391005235540733,0.41463311749112947,0.8208065227578512,0
0.7539553079296516,-0.8747171685305443,-0.47897672948423275,-0.5088988568079753,-0.0147707362393483,1.0282618215382728,-0.2494358422536549,0.147169619294901,-0.19861750781122883,-1.3499009213954756,2
0.6499434530357504,-0.9695125430808449,-0.41192017426806765,-1.119581140845286,0.32168979114041624,0.8628431023734131,0.09198572933309276,0.3404335099079672,-0.7812315494669528,-1.5066983461019916,2
0.240336429946133,-1.2140631071850645,-0.6179553992535484,-0.49751674423845144,0.04867987120400181,1.2270759218606908,-1.3854110251680274,0.0650441971174534,-1.078489443840165,-1.0694774625696186,2
-0.35761126061676096,1.3429827462753727,0.5362845149437905,-0.08285790360207183,-0.5769884935804117,-0.8377178826447761,-0.958121525940257,1.4182114659724665,0.20146758488508057,1.0627302124622233,0
0.5560131620437497,-0.9375315323058094,-1.2825884928526505,1.5316833387796205,1.6061788756451179,1.2009960082361564,1.271382406533215,-1.6987432684163388,1.5263964603183462,-0.08640976660102628,3
-0.0971520457650115,0.8435777878531833,0.9262355989737306,0.3409141603984084,-0.636033766708786,-0.8743679490666393,-0.6936532298375803,1.1140924872562072,1.0870632384993084,1.3885593982143174,0
0.20474498425353363,-1.1169707370225634,-0.582538284663354,-0.8190168298970927,-0.1489294989418706,0.7852002030626697,0.00912216893989173,-0.02144582851329897,-1.3583946188929195,-1.9266898973063076,2
0.7041400869842008,-1.2287652895888532,-1.3283535205114554,1.3794246915541106,1.8028633846226798,1.1224195650497906,-0.03586133146094491,-1.3791261476884877,1.3950255979788948,0.7213876794049433,3
-0.3238238521499738,0.7047445891642291,0.41029781259877224,0.3969342080278891,-1.1246286834911745,-0.6121531069925478,-2.640323891116327,1.6973779885772673,0.35017077966751115,1.3009717610675984,0
-0.10132322455083917,0.842727574484215,1.2570341682778865,0.40429085161574957,-1.2918741907161089,-0.9794572961864039,-1.7574989240822079,1.4767801234139648,-0.3182270668980287,1.2956080076038987,0
0.7641850967235942,-1.0115782348272433,-0.4384201524260487,-0.4030603310637908,-0.10349024427196686,0.9607970527455559,0.11174812154839804,0.4080160030741417,0.6015901425592988,-1.060744554323969,2
1.191148563978444,-0.8357445839634642,-1.074723787957222,1.6035974650314957,1.483632816948829,1.1912931582016306,-0.16959333230582224,-1.1486972743937087,0.15215657446377087,0.3516998760832032,3
-1.3154586750866828,1.1160743390414252,0.9919165934848782,-1.2717527325343612,-0.7369255867336446,-0.5747532269414436,-0.07607657350127568,-0.31937628691537606,-1.1829606365315097,-0.30914017183399684,1
1.0025849396851974,-1.0815286365037764,-1.1979293839898117,1.4027881573829881,1.8837356523706816,0.8093139304649678,1.0874361665939731,-1.4972007684665298,0.8423201538096057,0.2119296237421672,3
0.8870387305606177,-0.8231599246037985,-0.3223880986477267,-0.7278831620252171,-0.12191531995448167,0.9598948012563403,0.36311389201965527,0.0638608583400671,-0.9179849949738693,-1.5344893130951194,2
-0.11884907035730773,0.7686897337465028,0.9546818989819178,-0.08461212668853324,-0.7901676547546124,-1.4820782607653356,-2.171762990768752,1.3054366887623043,0.7014736490390037,1.3807529409479058,0
1.2876783552058793,-1.060340894474082,-0.6311208483167137,-0.6582657272558595,0.4890137409883186,1.3223922793660896,1.2067759395993247,-0.014053438238052546,0.3292578278502939,-1.7469220001391437,2
1.1794045554854946,-0.7625200790365845,-1.4743198856343893,1.16949952819164,1.665886071061886,0.8163660504502405,0.7609968385192666,-1.5503414818044792,-0.23856685370898184,-0.397143941063004,3
0.4376682455220869,-0.89250707787917,-1.407373045302375,1.2006839904954456,1.2862515153157073,1.115331068716611,0.2737110425699078,-1.1711917692679445,1.6096580871581043,0.675522377456866,3
-0.12547405011784155,1.246770040000911,0.16704390441411326,0.4538420344289969,-0.8175248519587158,-1.0931521062600627,-1.2890599393392954,0.7345036588930804,0.06331390084516605,1.4360305507392161,0
-0.7282564039226809,0.9452731110477929,0.46799502527792214,0.41371524097713264,-0.7547440708585184,-1.2432440189580487,-1.6655454554414935,0.9771430296426635,0.16787757619929802,1.6140045549520436,0
0.837385439515235,-1.0010554698460177,-0.6902459728557907,-0.9410030901795956,0.1339210114113511,0.9273066551066811,0.13845403731098704,-0.11194893550930105,0.9454770729421075,-1.556496679256191,2
1.1956873820671263,-1.0921049685786166,-0.7338269509384885,-1.0982253045122832,0.08461817833215275,1.4198466426215683,-9.948073645177408e-05,0.021692432947317025,0.3468798288499604,-1.298869274375496,2
0.5374541848116596,-0.7133767362217753,-0.7085504557518262,-0.8886572646678808,0.016936074707002775,1.4258960818210253,-1.3111744000419723,-0.24725997460374807,1.129711000669094,-0.7427149799872326,2
0.5062449226497027,-0.6619193670800292,-0.868415493686566,-0.5292847855613186,0.2876371512197082,0.647691663599533,-0.057693652244080025,0.2726534282266465,0.14068478622458194,-0.4419298549958645,2
-1.4676196678617628,1.099660754709775,1.3285999271374496,-0.738740494652767,-0.84059595792117,-1.248092267180169,0.43717971489637086,0.13221122867201357,-1.9346013594582188,-0.6091330556788078,1
0.3379630922858967,-1.3360626589100797,-0.7177607816083311,-0.4256246818011372,0.1729747567440932,1.192133533513516,-0.9183041673084262,-0.5778429781200898,0.7038325741640599,-1.542039984297555,2
-1.7578575838738602,1.0075657698380722,1.0339851118514078,-1.2400230277899067,-0.6034075296498189,-0.7138008850938066,0.7491660370215651,0.45035735365156626,-2.053110205238907,-0.3819175504840533,1
0.888240649600343,-1.1973938554850803,-0.3235502418090378,-0.2994601383127628,0.180864734561239,1.0262945342836347,0.9223160265100866,0.02743338970458616,-0.6548172043386294,-1.1618045872893514,2
0.9887889332508087,-1.1778746689226534,-0.6709302455486614,-0.6570141120145196,0.28053439559550636,1.1566951867535684,-0.9469121824818624,0.04187321259576741,-0.34024973526822383,-1.6701000873777765,2
-0.15936606204617582,0.98441433386862,0.7268726307572344,0.2413005888883889,-1.0832718602936209,-1.3603837683280444,-0.35488624802968727,1.032618264924016,-0.4506837644156343,0.6889034785291266,0
0.726220358952149,-0.8769623118406755,-0.4987662525757048,-0.49589380725608945,0.16677508232234411,0.5819637415167018,0.2979359870821771,0.18759312300889228,-0.5447931853797825,-1.3682067796794546,2
-0.31144551007432936,1.065546137374905,0.5918305614914852,-0.2385607381493602,-1.202582319020854,-1.0118633132906205,-1.1846473481848967,1.0176276176161043,0.6349533639368539,0.8352842944272224,0
0.5460411396938741,-0.8714089337039594,-1.296895252444651,1.6913264625888718,1.5613242394710551,0.9239528203259825,1.033540913120089,-1.1951476403079269,0.5026126603803764,0.24846849459602638,3
0.39289429514445456,-1.0640200870215633,-1.32837347919905,1.0474271028493587,1.4212320767951039,1.166881543511804,1.5845652095846015,-1.533772828808974,1.4516105865449325,-0.3029807499156617,3
0.9031571885483971,-1.0320821063733103,-1.0761284679902154,1.1102615278169858,1.3849308292728015,0.7882911602553287,1.3686993646302248,-1.1777356916616277,1.2723235251202005,0.5856516071056554,3
0.7350534830789607,-1.0195421182890423,0.024237844067919352,-0.8723374300354683,0.3902089643158532,1.1750574303506902,0.0019382363229529232,0.4871567675705065,0.3801973183729489,-1.1797542825091072,2
1.2694193346300977,-1.2139788997794738,-0.8953717929877396,1.3698592502573395,1.5326963878536348,0.5714670297538272,0.4145668297682943,-1.6959161406438623,0.5430405982995854,0.22578082623816542,3
0.7369284987082664,-1.0091402252930686,-1.3906126715305305,1.5458465240056083,1.2509512415253163,1.3141014232648902,0.2836312166068846,-1.2354672509254525,0.10188667268695784,0.4656918655430667,3
0.8324743237440783,-1.0711324102996231,-1.0416916866924826,1.4108597377309997,1.7054490180134694,0.9022969168147622,0.29332602916747613,-1.4021487634734084,0.9563025390120987,0.4094414575080534,3
1.2621756227644798,-1.2232867109997902,-0.5258307251622969,-0.8684719668558687,-0.07085763197592805,0.7455074227339411,-0.5504007273794218,-0.11339229531872055,-0.23280991443412627,-1.0475676263599918,2
0.739972694234358,-0.6817287378727058,-1.1224261437575347,1.894139861563473,1.274424523642119,1.0060144635235124,-0.30773426361012146,-1.484099826255087,0.782169717742951,0.4531252363642232,3
0.9706702253560158,-0.8109486871672457,-1.7114064854081081,1.267405896596019,1.389963181114946,1.0374996579957798,0.9961402926127879,-1.0329600371102607,0.6180907031145492,0.11856678276485275,3
0.49650796696544136,-1.070695374130393,-0.7539507104165888,-0.22849978872419463,-0.20738292577074136,1.1508971707441815,0.38258241655832526,0.505713590655637,-0.1405084504076176,-1.0835807948223664,2
1.4549486594944818,-0.8309522388524302,-1.40111323731586,1.3069369868606096,1.5663278221498078,0.9580150012037169,1.3915620535007798,-1.3754247567948825,0.46046121110829474,0.8292409074090344,3
0.26660723827633953,-1.0439216874475454,-1.1835448129214616,1.6221153184655663,1.5646364169023699,1.0006653316860414,0.9525042258768907,-1.484540786635667,1.875674327529219,0.5164354391395712,3
0.9268369893955272,-0.5525085709722859,-0.9964638813530103,-0.5877393455041889,0.20523959548013504,0.970418581864481,-0.2428435269922552,-0.31205398123451533,0.2874052967313655,-1.5207816911078,2
-0.3156878114363166,1.0730349801813976,1.0023788595854157,0.48267323876884133,-1.0255426288924363,-1.0955421166482597,-1.1401742765167548,1.5089572056567948,-0.10952537019592774,1.2745014195131739,0
0.4961540132915537,-0.9701825265652428,-0.2967476931793365,-0.7145055068545194,-0.0998397648473826,0.8876050270203693,0.5608524269582849,0.07824826418875375,-0.2214509136283349,-1.151566312167751,2
-1.4436655328641175,1.4824926652586752,1.2023209450496397,-1.5846803920026922,-0.590616928887858,-0.8482657022940118,1.4959768642489357,0.24012895277137597,-1.3849155515328533,-0.6886362552832044,1
-1.9456623845649939,1.0059770349353776,0.7863625169608366,-1.024704238191875,-0.5606256129713464,-1.036074892854627,-0.9246885774922528,0.11618111207875033,-1.001812260725599,-0.20396602545657588,1
1.4428998983486119,-1.1953896917881919,-0.6581387168889175,-0.4694580157728562,0.049282555156319054,0.7115388787549317,0.5248794684019708,0.6338922250264104,0.2629913654058875,-1.5646195410089272,2
-1.4060650745168641,0.9510215070545979,1.2838448729850729,-0.993321875318241,-0.6654565890961658,-0.7954087321168177,1.9726486496500686,-0.2313912874775898,-0.9772396509576445,-0.5999759496333691,1
0.5247890618593359,-0.8768917323394778,-1.495166122202352,1.3012710420372553,1.6297197528934924,1.0837206152904584,-0.04199283103530903,-1.1486726488983088,1.3287379129921393,0.056917054268340345,3
-1.6825100041189072,1.041826432261969,1.4257790219784263,-0.5917625527937762,-0.29683376545089063,-0.6545341563358028,1.3308118235380768,0.2190487355186026,-0.7742775655967482,-0.48831757437202944,1
-0.017844778884914748,0.9215764254467426,0.9562517038532043,-0.34564635426197027,-0.7841600021605358,-0.8425886437995177,-2.2652585430984957,1.5529210861638083,0.4350770131273031,1.206163713049143,0
0.22079611130887405,-0.7980285462102032,-1.7407700352894375,1.475595257381721,1.1205720929328433,0.9390926574326346,1.7188858115854302,-1.329886727234451,0.37263576826885825,0.2573584736107042,3
1.3186347474464832,-0.7326883763022601,-0.4071123247849604,-0.10956017284136392,-0.3106512187300636,0.818768329580007,-0.6296158493606298,0.21608463234868586,-0.5670773346380694,-1.0701372865638548,2
0.14316844492932618,1.2086662854501882,0.8610725327066631,0.7319048226602018,-1.0108489283481001,-1.314622108688209,-2.451835389252377,1.6449973423995832,0.6454589642563094,1.3132116092307364,0
-1.6064912780695237,1.1503205329995605,1.3727400750778298,-0.7526622842626278,-0.8860502154116072,-0.9865323795265705,-0.35229285527572357,-0.14644294429564741,-0.6500671608932671,0.15651401451774896,1
1.030855213616744,-0.898604257242999,-1.1600168786176652,1.2979255695842726,1.2141597319773474,1.131967507662657,-0.5854167955238444,-1.5070916020877927,1.5746240852554285,0.3237535290267466,3
-1.522085167470832,0.9763945179191981,1.1244786359888352,-1.217959974813766,-0.7893259026195,-0.7440730343370495,0.42269595732618076,-0.355719534347887,-0.1274030937021339,0.08683716266536978,1
-1.613396724647864,0.8965643569888124,0.8246297390152174,-1.338127829003486,-0.09750122389670601,-0.6460295930646353,-0.14568049617084983,-0.2814608066471751,-0.9717554773112286,-0.16141805694113603,1
0.5020935712674531,-1.0030115251311138,-1.1207801124906003,1.712773357562952,1.4756913222475807,0.7439590124433306,0.8637914555277357,-1.6393903793473794,0.602580494831463,0.6610475923918876,3
0.5179023022373103,-0.8067195231990364,-1.567395986930083,1.0469056716039107,1.445711802227758,1.1855297058369494,0.5748722721371413,-1.5455724866625884,0.9773029223541265,-0.25287890614143615,3
0.8453412231594584,-1.0490770603138135,-0.7932421904447434,-0.5588070492326809,0.11927365473337678,0.6507742172108136,0.03522112536195429,-0.013063869082317905,-1.1383188192041418,-1.5516193715588775,2
-0.7450062461653469,0.8656703802772826,0.5927747539396224,0.2768368482436675,-0.7603230748423998,-0.5837267718572599,-0.7552762151233751,1.1032018249771327,-0.388756794941987,1.4761490739998469,0
0.7708306777817461,-0.9382276072396891,-0.4168977631051038,-0.3855848723553174,-0.16000057161206074,0.8750448047619318,0.5702005112719748,0.2613446069665417,-0.7820213107169032,-1.190967662904629,2
0.44355396768422084,1.2068034805384036,1.1310141347064666,0.1024410391612454,-1.0593161656300882,-1.0525839927678897,-1.311461459425679,1.5399671895105358,-0.9176268262544452,1.7849487124950725,0
-0.21027384687564807,1.3401315538348215,0.8538650736335658,0.3505501453800527,-0.6056955993837533,-0.9672005092881842,-1.5071348731802603,1.2026651737002616,0.16193504812394147,1.3186762804831191,0
0.32889288540184125,-0.8173730060046391,-0.6149707693685221,-0.3757574270245119,0.16049580938974445,0.7698890358310776,-0.03016352648883939,-0.4580745669414199,0.5341474449099618,-1.206836153058763,2
-0.13445036839769955,0.7407407175290623,0.6173255157938966,0.24968802790954292,-1.0303027287456317,-1.1131874382721658,-0.7205455404786303,1.103204905458417,0.7662298644991379,0.9935522170711867,0
1.3850002045808425,-0.748073959163535,-1.4178737515048678,1.4752936535985441,1.57656258561906,0.6435614160765256,0.11269333657786187,-1.5707105031351913,-0.40844872732699594,0.2807787342486833,3
1.1854073115434387,-0.8176209879335569,-0.3758622962199926,-0.662285138605985,-0.0670126964977969,1.0194902113253344,0.40755651436537393,-0.03069596656118219,0.8418081956853172,-0.8632686916646253,2
-0.43893463326892823,0.9038362613635507,1.0440451464620721,0.2745496828637428,-0.31620542169973803,-0.9310099916355878,-1.2267161796188535,1.1731919560634827,0.29856819275028534,1.2843785271362917,0
-1.7502089420136084,0.9520366352131621,0.6396432703487175,-1.064332371069295,-0.7595294517578758,-1.1288943835181884,1.1040251950155695,0.3092308605735282,-2.363399344692374,-0.5512717234214408,1
0.8889928514570196,-0.7170136065588852,-1.4047698294663804,2.0210967439730543,1.469156309855833,1.0216958991553946,0.27924035176786643,-1.3657922463571937,-0.21263339061052713,0.10414229049286798,3
0.03498575875880529,1.1193559932046049,0.4918311012698286,0.14902177836024877,-0.9437354471752821,-1.1761340633867234,-0.24861652192168196,1.3598320437231557,-0.630176291313905,1.6029098939388955,0
0.5145146439746191,-1.1117547053222039,-1.2429619839943933,1.3030015315849586,1.69815638005085,0.34555446718921595,0.16462995550570564,-1.718458178186974,0.7770246658628839,0.10652132158482415,3
-0.2165201557056282,0.8938033258513587,0.4444177128423103,0.032166803906097746,-1.0864834825814125,-0.6127441649418919,-0.7644426494553581,1.5863237755112598,0.6902878085463262,0.9937471702874381,0
-1.4796176173554914,0.8307811967970036,1.346715604533836,-1.162342489509966,-0.7659321470230593,-1.1561035074880743,0.4186440655913807,-0.16707315561213767,-1.407887365018867,0.18512106632503603,1
0.49654006185220256,-0.8486544591673932,-1.2016815043948827,1.720574121243673,1.409587052584099,1.0220708717390203,-0.15127141494342833,-1.2408013665208248,1.2933477456945988,0.41419651541629576,3
1.0911028028518308,-0.8971130807466032,-1.1978536387516447,1.179322480059603,1.3894037963189558,1.4353664410139257,0.24025360369330764,-0.9912729235800088,0.7858693470577515,0.26732554136747366,3
0.5601292485706489,-0.8362289138391591,-0.37498141669039897,-0.19104429803940695,-0.07425184454320309,0.8878335985250992,-1.191695393654103,-0.07506273800023301,0.7961167963684099,-1.4343975860815592,2
0.8147001241825778,-0.9903038341357133,-1.2867686895994226,0.6323911082336314,1.6344970755486836,0.8997054133531219,1.687363331605909,-1.4190915133764563,0.15585944429923904,0.2518002870913023,3
-0.4073102559079207,1.0534130437387794,0.6451441589490465,0.02819810533261568,-0.8611101898177346,-1.265577863637359,-1.6902759838394692,0.9409010517146593,1.5182124353675894,1.3402480936686465,0
0.7330253045473515,-1.2399457044156506,-1.175764974528794,1.656793275754455,1.6381876939758844,0.9382096390437575,1.064954900896541,-1.246361750263661,1.1525015927228586,0.02123956063099715,3
0.8657975168026414,-0.7207674630520463,-0.4163150427573852,-0.8799925700831048,0.03634602321381856,0.7530711135189435,-0.41352979337466006,-0.08058918042607598,-0.18577194142236514,-1.669097310682892,2
0.10104392345192632,0.9709907775947854,0.9341105747995518,0.2159177084375744,-0.8194139667552012,-1.4911020933130101,-0.7764719296458442,1.344543974240062,0.8743403475634037,0.46782633988661,0
0.6447350057128175,0.9440079081973781,1.0294413503077613,0.05184147558552612,-0.844931238717937,-0.6084044058321013,-1.735853608750512,1.7276942576949919,0.6810164286230439,1.1623631973578665,0
0.7729111086006458,-0.8867825241613301,-1.3026024062872616,1.134910497147468,1.6963869087962424,0.557564584890053,-0.5773070024311696,-1.2309516498000403,1.2854545518468008,0.24956375590400073,3
-1.3737614343590872,1.1003330071682829,1.3155144064768938,-0.3931273150572843,-0.6716725504242272,-1.0567317052427587,0.6783101782632437,-0.39819099290369087,-1.755405760250401,-0.44608707550871857,1
0.20163893008404113,1.1746943087988453,1.0827284345121322,0.40818962432184125,-0.8746045132821211,-0.9887645258081112,-0.5960821381714271,1.0404659184316496,0.4551760744127996,1.2126957785567536,0
0.02726932346456793,1.0223503371554472,1.0038753879592526,0.10275716067247383,-0.8976813454680571,-1.252350610252246,-1.6222953291247881,1.3525971492533504,0.7138100895863683,1.0553166983238276,0
1.0412950580128977,-0.7581994551578471,-1.1934653071702803,1.1018842195728478,1.543251558243362,1.262378533399145,0.6652587797765044,-1.2926572854665388,0.7354586050379469,-0.039827960173260304,3
0.5827457081637463,-0.8602975388807832,-0.5237746279224598,-0.574587658457645,-0.15765648537493532,1.2468744662323525,0.24069121280137534,-0.11699864115409302,0.7996164056459635,-1.4436456609612291,2
0.9200600625920986,-0.8781438615129895,-1.6157991609748432,0.774651241939648,1.6744212373263452,0.9918984234152461,0.37727560715452363,-1.3604971617307051,0.9075267575183495,0.6022727145793169,3
0.9644810806861561,-0.9078194916831582,-0.9978966911649043,2.0858654915471972,1.7827506783903235,1.236317615004946,0.7785305775174056,-1.4611372139968735,0.6308587382045687,0.020793236746112016,3
1.0412989007481612,-0.9577522532654297,-0.9540900771880814,-0.8322921462292355,0.033830736256714844,0.9634614961791271,-0.8751036815753929,0.6578426326878192,1.1423407227751665,-1.1163775220303338,2
-0.5298007168127441,1.0641552190140853,0.6175986120200118,0.1087910784459658,-0.9701117111733321,-1.2254708600202842,-1.3159393461723907,1.036803036473155,0.3897598446888068,1.3148027490588947,0
1.168984207624502,-1.1312500522995932,-1.442727528701578,1.741256509640851,1.4534574749201847,1.225010465543788,1.75373388775512,-1.5291624263900847,1.4015735526970985,-0.07669484966485304,3
-1.1670300637216078,1.0755702704951537,1.0483733908873138,-1.0025399857738515,-1.112582918673566,-1.2014209683622636,-0.04798935946848187,0.10154336591955955,-0.1387716884344863,0.3397518510290408,1
-0.19462395315495223,0.7597902963396306,1.3552897278502574,0.2528036379400201,-0.8339454270575901,-1.0287748568026522,-1.222964150651326,1.2162533797013364,-0.17245812252672493,1.1670080981092685,0
1.3790849084677035,-0.9393589481142534,-0.7741076025682891,-0.4383057583839213,-0.5305401254507829,0.9423842875944195,0.03127041852872804,0.2690870022611744,-0.5429368109879199,-1.270067737978405,2
0.998471617898246,-0.9314277711723021,-1.799170360200945,1.6743899939315348,1.5817588200957704,1.2957195071184076,0.016418156738083195,-2.254425754496983,1.1336394965995802,0.35341417149374327,3
-1.022200085787914,0.9248479490049025,0.9351319579522993,-0.9969894149998202,-0.9840146386093052,-0.8668532821003668,1.170438411703694,0.38486016990800126,-1.3594049009655444,-0.38489780933128775,1
-0.08632530844081855,0.8772433423619056,0.6670555346792418,0.15569836219581992,-0.7871874775273687,-1.135247396485101,-0.565467880790509,1.0201652923188016,0.08516021632857719,1.1988894189408108,0
0.6439103637435539,-0.9269486973497363,-1.2040942833516595,-0.7109559100813923,-0.056794847865002045,1.2667415617237958,-0.4118649625904387,0.1276151911104204,0.2264428051189875,-1.929626122062126,2
0.40383499009276075,-1.131807407952022,-1.7308660345197804,1.441397113241005,1.4528056073562983,0.7877319344481413,0.6549391616191036,-1.3290182802930952,2.3419143122333343,-0.18329274258051304,3
0.7517611854365817,-1.2265461088221739,-0.7472286149369742,1.142684962063549,1.3554450065930173,0.9109977746668081,1.4980137800669762,-1.4203552306203189,0.12444069542658355,0.6399364824141718,3
-1.748300001418315,0.7564033339800416,1.1424428369094932,-0.9303561310288357,-0.8116474649109013,-0.5971800375433356,-0.13792947233959016,0.24528757977796994,-1.696226455911452,0.18740349202225323,1
0.5695820658700768,-1.2828081830570235,-1.3581890855022307,1.7321174493696856,1.9001388769639105,1.1805163406615728,0.964185396615059,-1.3249229515166658,0.5773601047797726,0.22793863054994826,3
0.1396239676507148,0.9323622233288894,0.7621224371848111,-0.027065947923756873,-0.8412312520728348,-1.0907284446654268,-1.1454861541367212,1.037775097140042,0.5555306453078086,1.7858976398041726,0
1.013998764463511,-1.0451198738514285,-0.5012834159224486,-0.8817541323655633,0.08052443507863498,0.24107162363258544,-0.2887011117875251,-0.39863285136981985,0.9356018242643837,-1.0642114031398342,2
0.6391181214107524,-1.0208865170364847,-1.1038711344002585,1.4265129853065448,1.4430973119162165,1.4041305465199074,0.16505393270439217,-1.4148516536365336,1.3822209414392217,-0.21884163587081615,3
0.882504616829806,-0.9536347899537725,-0.18646061353503982,-0.29677881807091633,0.10420072780857648,1.1620480793122103,-0.8143814949099539,0.13151947471799755,1.3374323951831426,-1.3604588739061407,2
-1.5686196005345006,1.2584643648137221,0.566824414250692,-0.7163523386637453,-1.0795882819664266,-0.9999825553014211,0.4273706150245127,0.21801015580641755,-2.357114904109093,-0.18674152514542963,1
-1.5822952630766616,0.8332660221428566,0.9877599759306057,-0.8335683383417896,-0.336565325624779,-0.5761061083886069,0.3903174551799571,-0.22844544490111396,-1.1988621013138716,-0.8505729746476348,1
1.0896205999500392,-1.1255319936119137,-0.5175043232802983,-0.3629932234736908,0.053839736666148046,1.048093775556294,-0.49355400359160256,-0.023834065867721375,-0.004751151662371244,-1.5177504415014826,2
-0.9286854834385156,0.7230047682541791,1.4429634191722254,-1.0930476352511147,-0.961646451270305,-1.2490913475068264,0.5766425523842121,0.3050699271109775,-1.377651130401443,0.12543621219491705,1
0.3666041725271443,-0.9729669034568426,-0.992167133043143,1.0655428441991734,1.3502520923410637,1.0436780201486755,0.08518189083364396,-1.63128506040414,0.6656240018959031,-0.139763890579111,3
-0.27047007678314894,1.0507382062316715,0.4868358099143775,0.425135652193297,-0.8910451973512451,-1.1109075691965322,-0.90413776751011,1.370098869238759,-0.030793917476633046,1.6747708696657728,0
-0.18818218809277457,0.8371882990220155,0.5372906872697336,0.1630979081233805,-0.43335447494555995,-0.8730397905556578,-1.7011732270775626,1.4036370547963954,1.1416528929220595,1.604925166503772,0
1.0848916650893172,-1.2068052935275775,-0.2604724233304177,-0.49669086514503846,0.21568756268748762,1.2850566730624773,-0.863526488642652,0.018151829413583398,-0.2216109345368579,-1.7621641724734567,2
1.4321489542444625,-1.0102648523051414,-0.3964707254267916,-0.7877061562956653,-0.11374873281935327,1.194993893235169,-1.0114755231810506,-0.08100686802028417,0.1550233817635879,-1.262423735832671,2
-0.10631581596175907,1.1945945405705902,0.8101993783423616,0.24943441870898217,-1.1424661179798379,-0.8483526712305223,-0.9448404727097064,1.8193826217350637,0.004631438782382262,1.3949729060162404,0
1.1914682523847753,-1.1368064263819253,-1.3518860366541028,1.4282125723106884,1.2737387259368909,1.1525998099129227,0.247222682807916,-1.4752155208833524,0.6467412060035234,0.03173704775623272,3
1.0011659818036738,-1.1832822425645073,-0.4694443649910797,-0.9395987333372492,0.2518688169625818,0.6529375777345935,0.17081655304097318,0.19103324228131222,-0.33171905467561735,-1.122356839604217,2
-1.5350290830881155,0.8776910781605036,1.2289872740349754,-0.7285270654457633,-0.8900668243322749,-0.8814643709268267,1.004835148581521,0.1875478336789637,-1.2421088120938093,-0.10326165826927207,1
0.07319775210880097,1.036960076806539,0.724077498616653,0.20297419243400516,-0.8272345749699667,-1.0575525512305843,-0.7469118064898026,1.831736883249289,-0.16168808764682865,0.9220994694102901,0
0.7347024564777661,-1.2308885426897653,-0.48642853784944773,-0.512943639653423,0.017759957429847758,0.7645878624010469,0.4794056722960528,0.4601804311212205,-0.18971217571419205,-1.4777495212460712,2
1.3049894694411233,-1.2834715006205841,-0.9682426784509485,1.4089650566586707,1.7802440004168605,1.032795653745246,1.4056869256185165,-1.5253901327151562,0.2160316056992857,0.6893875596479591,3
0.6379688781046895,-0.9575714404220437,-1.511760348856159,1.4654990047745453,1.208001430982259,0.7517918107770521,1.1143564789982705,-1.2663378159793492,0.686752040283098,-0.036242605359219845,3
-0.9144826956087265,0.7596613149116039,1.1163325197897755,-1.295049213439856,-0.664155678036841,-0.933048353959544,0.295431102147675,0.19169569583313614,-0.09092787345254204,-0.3810974622034751,1
0.3643898077623024,-0.9633578495197089,-0.3228510042967354,-0.4539793679901312,0.06084850003950173,0.80358670389482,-0.8514562430624678,0.2456899404476079,0.740969320244011,-1.7555783790185684,2
0.0729025302948426,1.375489558207433,0.808086797981342,0.30262333538111197,-0.9402355458619351,-1.2221577821794343,-0.8299283508545521,1.030233970892202,0.2572905073487352,1.187602503471355,0
0.2289119425163239,0.8119023150682048,0.986905801360795,0.34600033549536136,-0.6524577741778429,-0.5788970791144441,-1.498646911822393,1.0569840413840346,-0.38282886676939765,1.0869680204006793,0
0.9194101392445316,-0.979750427721181,-0.8031337473850452,-0.6270734073473506,-0.42753051577030926,0.9833928661233007,0.71572443592248,-0.3577707965399126,-0.2578922810848353,-1.1976259170334722,2
0.8074055180260371,-0.8593440935118091,-0.901161433617743,1.3929450995737247,1.6183374861061832,0.7597361160558174,0.15753754606599674,-1.3985824250821706,1.6830234187481699,0.19037532655020456,3
1.2920508530001984,-0.6958269025963525,-1.518149148864377,1.4012267205917452,1.5096848845392081,1.1286892952070537,1.123956114022825,-1.6434043415846447,0.9929413821481747,-0.3344869090795829,3
0.6670196476661935,-1.2030098939780303,-0.29557527889978324,-0.6474626740245453,0.1405528763055737,0.8080178225729108,-1.3042872266309407,0.0980988453550253,-1.1412809827684345,-1.3159938198801064,2
-0.040852063042587115,1.2491053568861,0.7446687961838652,0.3107422560745449,-0.7005540167002636,-0.9794210401616541,-1.6236258700942579,1.304712383549116,0.924707479622751,1.0242620844635892,0
0.23702656925090687,-1.001832655460689,-0.14119935166235528,-0.8290885447253068,-0.12598146746553354,1.1205290300493402,-1.1315930952600461,-0.13786448454647945,0.5296141263579897,-1.4843321279521702,2
-1.488792433866146,1.0441535051561628,0.9315991351291758,-1.2038698403788057,-0.6215121006155866,-0.6555837894760861,0.6075222249092221,-0.05348052217119852,-1.2923465117294495,-0.1453649005073065,1
-1.727779064446812,0.6678934993273922,1.054007081203486,-1.1526469844078036,-0.41991408301207683,-0.7897970599209568,0.05752755748462915,0.5487775117001646,-0.47943933836096936,-0.1510517636492097,1
0.7595786617057153,-1.0666286976576762,-0.020169253238556773,-0.46510509240710635,-0.2479929378877361,0.8093240372265286,0.46241994539621445,0.573360686039121,-0.9239705945425838,-1.8550348876164193,2
1.1245034774145806,-0.703083010312522,-1.2936090816285581,1.3657557698763005,1.574642508820226,1.0932556334172439,1.2513623686367528,-1.4230418354983387,1.3599619401927308,0.7542214679137449,3
-0.44309503567473113,0.7434406447313431,0.9523894088986702,0.5946898156044504,-0.8532454477111555,-0.7880980170178792,-1.1212933011103308,1.085372541652671,0.4503288237257304,1.7874742245834498,0
0.35072232667259384,-0.9613786458767882,-1.3702911823472281,1.497917094478568,1.5056532871404158,0.5439610905215974,0.45587376908529503,-1.5040254326353575,1.3698025177496633,0.05886001737285546,3
-1.6614072175880776,1.2713688786881308,0.7854213093960822,-0.9061997358985571,-0.8224488480694893,-1.003052402834245,1.1855391779118118,0.1530605003551138,-0.9126463569557833,-0.03615205867771484,1
-0.1491573831129773,0.9066264643255783,0.4281696899865894,0.04744795990634757,-0.9405225264659128,-0.7755474307565566,-1.132493938910591,0.793187560860391,0.42547773475857775,1.215152927298271,0
0.8112620835416553,-0.9998112375690505,-0.3813002742311175,-1.1714953249607925,-0.07486261976031647,0.9910762510936434,0.5735052356439395,-0.10105058523038142,-1.1175017984427258,-1.111141797536272,2
0.5146767835812169,-0.8987398912591007,-1.2863453879677922,1.3154408060103682,1.4792167207710767,1.177148295078451,0.37546668321613835,-1.4471713170743814,2.3930254229456267,-0.15704413790045632,3
0.5555679031059159,-0.7965845541847137,-0.42317612587267006,-0.06753852007128165,-0.13586286513652596,0.8530645390501775,-0.028640788013494844,0.19648494602361002,-0.011283821946645426,-1.5553620202493461,2
0.2316375803683245,1.007903897677679,0.8437211898329318,0.12862605574393307,-0.9465787977492859,-1.124429626557682,-1.1008933210653102,1.143953600394707,0.40262645039021083,1.9473941353961344,0
-2.2343715375009388,1.169350891473248,1.2415243141982626,-1.1947112130393638,-0.7447555956767172,-0.8167001178481987,-0.2771407218417806,-0.07409263789018458,-0.7636851095822299,-0.6975616500969697,1
0.7728632171401224,-0.8316332529572251,-1.4186686830381123,1.455187177048443,1.7469674536424562,1.743147766395043,1.1995995330269351,-1.6458018205306655,0.6655167024534527,0.13170834551802235,3
0.5540212124782479,-0.8482974615054588,-1.1235405659458786,1.3431038492234344,1.4138786829515515,1.3910549032105513,0.8387094650501032,-1.2579278223430495,0.40022159400747775,-0.09621512246348042,3
0.9585242722804639,-1.189470928307979,-0.5619353112734873,-0.4614378046395663,-0.015540344207715865,0.981516251757276,-0.7709960482672242,-0.026485531823781897,0.5387888659727464,-1.2488530421985597,2
0.07466741296801527,0.7531398252324376,1.1402226606115584,-0.06497488670810833,-0.7691086440087859,-1.1997756963311048,-1.385973872478056,1.3399110056210572,0.423661604137543,1.4553175039460662,0
-1.8692503684440633,1.1757515571486221,1.3018708858092478,-1.2973261404465242,-0.44708441333175347,-0.996093484183556,0.8736733185828698,0.1322220314488897,-1.3821533169218942,-0.08298736390569629,1
1.254459358190469,-0.6809201147277062,-0.9604444801499661,-0.8491574494555297,-0.0014506359441792353,0.7156996142962538,0.14201300800129973,-0.16282930601286957,1.5743763841029117,-0.9412603272217347,2
0.8920112928304413,-0.9617980854055794,-1.1390109847737035,1.8992793409943174,1.537559892467557,1.0303525606638952,0.8170146978345408,-0.7989342460011176,-0.45049974923435643,0.4699722203332901,3
0.49691672550101995,-0.8861709852836602,-0.48193727940964265,-0.6603666381579029,-0.12693878398354191,0.7339336438399361,0.15994857878469165,0.3487275486594492,-0.2921135298942875,-1.1591521355414522,2
-1.9434902745403315,0.5895652301608268,0.9469558772813526,-1.4423267527469403,-0.8739168045370153,-0.9721428068407928,0.4124486519524176,0.443806887547325,-1.0750726608192176,-0.23486303603301406,1
-1.3122815757559667,0.7591541832084184,1.350233016545402,-1.0516912745204408,-0.8427313474083348,-0.9039512642073239,-0.4099796851642341,0.1709905183488868,-1.9783020459403695,-0.7268398525570324,1
1.0658929376346233,-1.1111007616173711,-1.2864188555744174,1.3888932249292927,1.3613659601030503,1.098456417916903,0.36306288267174697,-1.2528479164696875,0.2349664008310335,0.7782321453137896,3
-1.3204908590006068,1.0436832353374035,1.06864463990473,-1.2229660130038735,-0.5073502462880606,-0.7156226625137566,0.21375267473989043,0.17057219770822385,-1.9398616256355974,-0.7348595571437333,1
1.243382495645352,-1.0624858207326207,-1.505547197312575,1.6434808108625991,1.4084068975631794,0.7916019367928906,-0.20012182394505876,-1.5503629787028774,0.892666514781651,0.33898889102250745,3
-0.9239160847949219,0.8684121417336675,0.9471800477138663,-0.8939735677618282,-0.8467408362821622,-0.9481680291888506,0.7099909136880337,-0.43755180513248215,-1.3019146638930783,-0.529547772048249,1
0.34430178514913845,1.2889262115729885,0.6262600417416078,0.13499853038064796,-0.772874818006585,-0.9447952115867058,-0.9367217302043275,1.7793806992372643,0.0917702872671813,1.0921799115081001,0
0.003605436288411212,1.0795105520436916,0.6559146143136361,0.652086391840736,-1.1123524729220196,-1.366080432940664,-1.2065731971638902,1.5276586831429773,1.3311897548776432,1.1931894140146382,0
0.9909750890715211,-1.170787902967465,-0.12076777223556487,-0.7191907544053093,-0.013875909378529273,1.021769046992836,0.7936182591622929,0.25071458625745924,0.4086772609501852,-1.157693349078918,2
0.632069734845619,-1.0185753632595196,-1.0722298246089936,1.9102393602721306,1.4063778553966806,1.2663033410235602,-0.6514816766454445,-1.736266380154786,0.3091721263174523,-0.13586272937771346,3
0.8082068735558415,-0.7873210341315019,-0.3245460702228785,-0.7441547223958509,-0.23488430625338605,0.8940558112616394,-0.6698581123531069,0.010912288403221341,0.9565445711704774,-1.4316615283823573,2
-1.379834901377221,1.4028815870601175,0.9256806018017442,-0.8759827355928522,-0.7469963340081957,-0.8746286119965063,1.6443733031966705,0.19691344345543838,-0.9341707577121249,-0.0051055688541476055,1
0.6354552150396324,-1.2272769399610224,-0.7182894714818134,-0.6278700377804031,-0.07442343007726832,0.42505159269146037,0.38513882453834014,0.36072276310015516,0.5663002473566079,-1.6341442105845734,2
0.3013659308751081,0.7059496979273704,0.900753647823847,0.8145834419597648,-1.059525360253833,-1.1557513413114178,-1.2841547932677733,1.122393315898001,-0.823181377855008,1.3501580214436613,0
0.2064978685949603,1.1536387328159083,0.4512460016536797,-0.01001032267384402,-0.7214085213503094,-0.9027964373226757,-1.0259256865686521,2.2609522866972647,0.5898610734254748,1.6676986407579173,0
1.1879175530120527,-1.3773156228838574,-1.8144125191513787,1.3373838758407839,1.8336294065598813,0.6474324344299259,-1.172392286347673,-1.2748612114987392,1.1100438963791572,-0.05780201135037745,3
-0.08392786798501242,0.9501092205890839,0.5939572720853445,0.1632099922090191,-1.2172728872077627,-1.046155854311635,-1.9606554436682244,0.9655447612002755,0.3294413671664155,1.7440143371289303,0
-1.7838288293350235,0.8889931131983282,0.9366308532869595,-0.7582625126775061,-1.2394236058143133,-0.2026740606465926,1.3507009144189934,0.12252986229541571,-1.3292598232068797,-0.23930332153052392,1
0.7962598532367192,-1.1068916403823736,-0.9219609236796834,-0.4944605835932419,0.45550605388062104,0.9459033962240865,-0.032483677257312875,0.20856867911071156,-0.7130667555771694,-0.7888989262261517,2
1.0103402582137508,-0.9607850472178838,-1.001373989427469,1.6080556470672347,1.0980246686203519,0.8901053747995635,0.3480213443856897,-1.298859318024552,-0.8004783148984854,1.0252314352580256,3
0.507717483491632,-1.3152402769645912,-1.605073874058484,1.1059604011115258,1.8967736121924827,1.0412322413612605,0.9394835194071666,-2.0044871429414597,0.1498630684258879,0.5306401122221919,3
0.8122707724395147,-0.8487961264320492,-1.581007700776791,1.624290782126921,0.9798566421721555,0.8665876400107718,0.3937546941780435,-1.2586180669390288,0.9628312146912249,-0.15165173935917253,3
1.4210103121362223,-0.823757301471778,-0.5183867701596895,-0.3037520934828691,0.09392683086642058,0.9471918234971106,-0.39097297610600495,0.4361365069722938,-0.4127475341501772,-0.8395347534606042,2
-1.6313322257758005,0.8400167723010701,1.442543117337104,-1.2055166692366042,-0.4864542940708632,-0.5812415092606196,1.3148034492027194,-0.04862725272666329,-1.0237972578011836,-0.3314850084258763,1
1.393742624257625,-1.2333347876829888,-0.5591278933523309,-0.9201903122777563,-0.09484876126595795,0.7265689965276471,0.5980633582230667,-0.07604509622433261,0.843944435081774,-1.1157815562625208,2
-1.8813296681925469,0.9001690682387544,1.0668834721879625,-1.0467065601489431,-0.9416185505658271,-0.8382179269863818,0.39964839526595775,0.060405766269592244,-0.9288503076316821,-0.32237311050216216,1
0.481334960418199,-1.2042186873505007,-1.437431022119268,1.7822706863927629,1.8005527185459604,1.0710177472205982,-0.2555081049380979,-1.4754482139712044,1.1487027859140415,0.31888433515287173,3
-1.3855695272366586,1.1729769273574313,0.5322576333666961,-1.386713388619223,-0.6207523314475587,-0.45566863412658265,0.7071346327375794,-0.12609122293419298,-1.4145147293950493,0.08487964732592349,1
0.8052754056940494,-0.7201070280402673,-1.5825051681792388,1.6051367409560422,2.0068945713105966,1.112400981256831,0.8692233085840898,-1.4219111136316451,-0.09851372500996515,0.6700639513228918,3
0.006284536736682846,0.6511232811071695,1.0019569561400572,0.3617675776128094,-0.7795752219486082,-0.7929791798725642,-0.3107684766776864,1.519104675660607,-1.016473743664567,0.9489507837755491,0
0.3557282166849082,0.7358549491518493,1.2545376635148324,-0.2773631712963521,-0.871161076556404,-0.8853412651563121,-1.1714253500467666,1.091232400606347,0.07100643589470679,1.183036272470891,0
-0.16172552019594655,0.8836960467526677,0.5348917364341685,-0.19901504313568805,-0.6522083984300414,-1.0059537560962042,-2.148000512344779,0.9154961686093142,-0.01402202189079623,1.826455425189018,0
-1.7103609902394008,0.9528088075048826,0.7649737281609967,-1.3365060264632813,-0.8667484566348365,-0.7327513668269967,0.8574283009645853,0.11478065824068877,-0.7259650069640969,-0.36516630660143407,1
0.8204439953743858,-0.8213080759896146,-1.1072981213380968,2.0361187506257856,1.5163925633748996,0.7937192855943942,0.8502644431354778,-1.6338350864570461,1.9348051441789598,0.18235879565107777,3
0.9555223436113708,-1.0951153268252731,-1.0983701478546064,1.3000302380336908,1.6358630160225056,0.9430618065625151,0.5612306152080625,-1.223878471519488,0.2549462019015295,0.8455358457404211,3
0.20520116400434837,0.9545000840254062,0.7269743433556645,0.4701208788502898,-0.6905768735181107,-1.3923148071865983,-0.4282184395607436,1.6146913272389851,-0.20702612634628406,1.4475450037114832,0
0.8741825749487588,-1.0373385007939073,-1.3948075192442957,1.6515190626784528,1.8507291729218325,0.9502763988293168,0.4855562253537383,-1.293427615061342,0.04398306249080179,0.3330551302639283,3
0.04500496710205226,0.793672949931163,0.8052254026412142,-0.13545158604518953,-0.8620524480933215,-1.2348193657444746,-1.8033411991096961,1.5770552798796906,0.936482003864451,1.511033502123547,0
-0.41277392039197164,0.8215437110775897,0.7585372519655758,0.29893148643400497,-0.48886678726230665,-1.2569386517696524,-0.7342033396666655,1.1980549622282832,0.1766795695640038,1.5305803167510497,0
-0.03426674059027594,0.7287570770789568,0.51911463897205,0.5147980726480451,-0.8459568065403988,-0.8635177514636662,-1.3284985995936511,1.2617613078129464,0.8345601651299104,1.1761784259861678,0
1.0570752774582493,-0.7229645685249488,-1.4009686348847654,1.1632705908274217,1.7781092742250242,1.1119267612550607,0.764080031955465,-1.3229021231508404,1.163012997699645,0.6487093010426828,3
-1.3604797188557773,1.1258099342102212,1.2000545189840246,-1.096942293528716,-0.8041178557427515,-0.9729608569610532,0.5730445389246592,0.36051061294523856,-0.8973648895068417,-1.1993457648118622,1
0.130057358536497,1.1098311285676243,1.0651830719852267,0.24273052815123303,-0.6839226344287832,-1.09578905194062,-1.1445861411742209,1.2199692957376453,0.27422775516550213,1.5068727199077305,0
-1.7010447995879439,1.1654035387747774,1.291012082252554,-0.9853092898893225,-0.5969602952475894,-0.8166441279457853,0.2954344054589275,0.17707240623778236,-0.7595923888991831,-0.09980683940869643,1
1.234751559346844,-1.0283718775987605,-1.255471462868558,1.3864724461103417,1.8445724598846882,0.3495640120658753,0.6869620195168384,-1.451804664116635,0.6456175839618591,0.7803706831298096,3
0.07279152645478718,1.1388265183017738,0.9087512909784897,-0.17670662923528813,-1.0003719542077074,-1.0810934823102438,-1.3923737605449324,1.4162059066744783,0.32798063863992677,0.9323543752006228,0
-0.13772057945932611,1.023715811961699,0.8297838117525497,0.45523400324037233,-0.8341536998291024,-0.6827080299739132,-1.5106252163587928,1.9649404233492476,0.626344706768871,1.0746630481550414,0
1.262207400836484,-0.7303416079135427,-1.3734535735051554,1.6113282013832724,1.5879078658828312,1.302169151434357,1.3081679638296624,-1.7900764994618483,1.3388991284128087,0.20544968032553257,3
0.8819674297036959,-1.0284097617132455,-0.4756751280623242,-1.2467134472803925,0.21456550703059896,0.9711445300825798,-0.3108184619446369,0.5624929890834357,-0.3171741791835958,-1.415523938355595,2
0.1742160361708736,-0.7926037565665914,-0.3561412416784723,-0.5656129069353549,0.11283326711392676,1.1931983344129757,-0.033058363620709,0.26379369059970914,-0.06577569643419848,-0.9051211570427317,2
-1.2530777395477557,0.9939905006657994,1.0316294235246453,-0.2788734587551044,-0.6927071246211981,-1.1136017320100677,0.42916519520899016,0.36434630062368106,-1.2172553876476266,-0.752316752070364,1
0.5672407562667704,0.8953716083783118,0.6645371602052265,0.6202964395299154,-0.4823379609774005,-1.1455782593078394,-1.6073096758618368,1.1803355394730939,-0.6858350656674957,1.0563622815869809,0
0.9812048075043119,-0.6771412960613601,-1.1658846179553306,1.335972087155578,1.4864685279941448,1.0699756143483838,-0.10498348520940126,-1.4615902014408202,1.678103752654204,-0.38547378166815427,3
1.0854822446461734,-0.878919467252804,-0.7850863256949728,-0.22194477814435054,0.3241881310159377,0.9730458994839274,-0.12303639751575765,0.17232654088743318,-0.4415700727367816,-1.2866309016706095,2
0.9347406812066741,-0.9534398031313174,-0.30251924942675074,-0.9107959876323787,0.22563957300623003,1.079870213498511,-0.260882726975541,0.11603629724653447,0.8180208758400894,-1.0359667185356902,2
0.6030874346888754,-1.1811804174791092,-1.2856141290361907,1.0240269760766156,1.6300764299615238,1.0055975923937102,0.7886293731945918,-1.560614156320169,2.9970740775465994,0.6714159402148866,3
-1.2942947802493863,0.9751420666919919,0.9243409502431135,-0.7722682941235379,-0.44098990750407563,-1.0781515644321682,-0.46611717504579103,0.32751163928127813,-1.7486898629080212,-0.08899373953005288,1
0.7860925587489331,-1.1125934674235185,-1.2457252575923847,-0.03808076154119741,0.3059010334080877,0.8534643581258967,-0.16081925136253103,-0.27871376738118375,1.2617811169239324,-0.7309340586309948,2
0.315711211721186,1.1364047867602871,1.2591480197421885,0.0349263948359355,-0.6411704241780745,-0.980186196961725,0.01517778320009427,1.0427234265273027,-0.34966494930606024,1.1513740369123955,0
-0.5917861854997588,0.9951810633040741,0.8259379349226262,0.4432773125703893,-1.1148643780681935,-1.3323748672518922,-1.0216401399588244,1.3316054254659642,0.37646301342317495,1.4328568303459563,0
-0.430030920253052,1.047860972973079,0.5560980845544239,0.6457463518073925,-1.0129743465634802,-1.0985513770632962,-0.8403835513918186,0.9322795634485388,0.3611221413014575,1.7187600905931164,0
0.8094599808538083,-1.2665688771327839,-0.587422399796107,-0.13003962908820924,0.34141162075298825,0.9270724469642431,0.41894580234426176,-0.06827664135658573,-1.0024890489750888,-1.5706899080198669,2
-1.7155804311974374,1.0144072778281321,0.824150283089673,-1.4067713675549942,-0.6072285206585943,-1.2065795760249802,1.1084182571214776,0.18508813579404315,-2.4421566347474184,-0.5259280198847316,1
-0.05653641956808775,1.0907787080266245,0.7459409550404371,0.6167992784966206,-0.9889758197458962,-0.601345684675996,-1.3710665757404543,0.8800299318686057,0.2949472662099941,1.1270722670159103,0
-0.4861773295925281,1.2247326334611583,0.7476763849028061,0.5317057307408101,-0.7601053764447613,-0.9161534664551679,-0.9919095166202894,1.3709993357435772,0.6377043148611282,1.725310212801035,0
-1.502956465670681,0.8254726132050377,1.2424350893867437,-1.2558348070677279,-0.8111384703276936,-1.1704087357597073,-0.8986539558018785,0.014255157852227598,0.3142032506818262,-0.09078568529564267,1
-1.9667825933467455,1.211034691932828,0.9289422825225734,-0.7162748399669052,-0.8801288901438334,-1.3373948877641353,0.00012632695326468156,0.387180669649127,-1.3965327722943808,-0.487455002927518,1
-1.516898467682409,1.1610458484709631,1.091648988433927,-1.1466218073606,-0.5533966811884439,-1.0055148628656843,0.8604314593831244,0.14826354554145613,-1.7376739587357228,-0.02905199643094429,1
0.23026732369066408,0.9633861309291264,0.5418924117832816,0.35900142757354786,-0.7923693856463886,-1.163695183874915,-1.3027104533482785,1.1532767118945917,0.2852316760178234,1.5268041171741522,0
-1.0765314322350974,0.7747648875964316,0.708682900268135,-0.09171320631596129,-0.47047149827836704,-1.3580629687100105,-1.6196540997777364,1.2881550796737116,1.169571912021708,0.9024402211796386,0
0.727217707846306,-1.2697470972562448,-1.3672777643446634,1.6773392444773696,1.5204171136213482,0.956403362893872,1.3104639250951022,-1.610232072708796,-0.07981245952812228,0.21884073480228441,3
0.8832363209901507,-0.9788367177428684,-1.2664507320469858,1.382265144615142,1.5502950415615133,1.0637783244669599,0.07977114448872856,-1.689662282373015,0.022931507092726962,-0.20959696948317563,3
0.7014309864883649,-1.179335296161374,-0.5826252876478795,-0.802870480722968,0.19009970575011811,0.5233449611828717,-0.39608006247586697,0.10621421567798738,0.25480109424849384,-0.49411988886543706,2
-2.144653522702602,0.8973692076400754,1.3696936236195851,-1.126583026788859,-0.9842205293080376,-1.0557507133450859,1.216775684297038,0.207079960157876,-1.4518367894532611,-0.4334515419686714,1
-0.18574053663545617,0.7960630156689972,0.634501253551321,0.43631010829122896,-0.7245791181287778,-1.252067587124331,-1.2843531351556718,1.4503702061030608,-0.9022683487629909,1.4914579519964846,0
-1.10262136424367,1.1098751162869525,1.075294237710897,-1.4663463758645447,-0.9990002668193126,-1.0090161807706155,0.3153080234734788,0.015315373386186253,-1.2549669669987602,-0.16664750725522812,1
0.3103188012022624,-0.7378478086814863,-0.5659758121646584,-0.4624580082602928,0.27508459563254184,0.702438154686732,0.12181348545902068,-0.04243657288354467,0.6963439925325077,-1.9286324160088055,2
-1.1632977094353638,1.139253026238658,1.300833306574326,-1.3200412596736406,-1.0791062305208927,-0.5859213744935597,0.4936159698090008,-0.0013758270882233254,-0.40806606013642793,-0.15875000458255073,1
-1.9591188290247048,0.889675389262937,1.0538338053879537,-1.5026718989939085,-0.9668287386420218,-1.172658922594439,0.8230550545154621,0.08230724535287247,-1.7734051403775741,-0.27166238646224805,1
0.8704589934483039,-0.823789917002104,-0.5353238658116363,-0.9315822375820774,-0.031097733080364207,0.9724911911683424,-0.4550854052084499,-0.029632885495548517,0.07148384611836421,-1.3196377759146656,2
0.417987489668041,-0.6480899269369443,-0.36690070069291536,-0.5513544045026116,0.345187875477246,0.7433870879804951,0.1653332953488703,0.07973877578092832,0.30820798865285154,-0.9169151392649054,2
-1.5208590375725333,0.9529083933614043,1.2559619082903335,-1.546603775644044,-0.9964330716877883,-1.1876115092640178,1.2849624269335351,0.5112771087714891,-1.3622656427746929,-0.3745258256494007,1
-1.5818121992529546,0.8896792822253033,1.1115156804957496,-1.0040625733802666,-1.0046787907897414,-0.6070932943592867,0.6329214914212065,0.0691097072661629,-0.820998130380025,-0.25487912425514825,1
1.0469322411450064,-1.0415129422055163,-1.4397160053897393,1.4096984715643586,1.3228822699028318,1.440476410936696,0.34519130991741226,-1.2067920620226371,1.087273850690173,-0.02635326090240907,3
-1.111388565828673,0.7695704967216516,0.3820241749068595,-1.0720936545010227,-0.35544666972374056,-0.6473723113309946,0.8245420830885922,-0.06431328606385334,-0.7551212063883035,-0.6140123020585636,1
0.8368786623705301,-0.9086351683237248,-1.1542258594687216,-0.6574141266358547,0.11558371774961335,0.6720269872974353,0.06763799297156672,-0.025926195924168595,1.3015789605209525,-0.827436694246977,2
0.5724740539515925,-1.1292713740289606,-0.8247529675707107,-0.7860883595081157,-0.021819271206976926,0.612410853347784,-0.16280896079732385,0.26333881636956735,-0.4722433438745531,-0.8434285003263702,2
0.7383551567109022,-1.153275095039479,-0.17845694510421498,-0.8050697606234833,-0.06337471378975301,0.9894615259932451,-0.9198284397830262,-0.07590161577527232,0.3437966908973574,-1.3946277391527817,2
-0.30395777825619374,1.1782896247816697,1.0915022975931175,0.08674916842110057,-1.024001592322302,-0.9127195564963029,-1.689389355570911,1.419410165323073,0.3447795444559561,0.8786673018741034,0
1.2306071546019133,-0.8836472030317748,-0.5105059220016537,-0.8396271684856762,-0.12879495102505462,1.2342536908191122,0.3119605029353528,0.017317045923632687,-0.14598527643966192,-1.898449899238903,2
0.6090705222967825,-0.8988790558394444,-1.4072508926861496,1.3615069258142989,1.4330784093200584,0.6785755019331747,0.7879462919957518,-1.2711707333767215,1.2906918499979902,0.5106548865309049,3
-0.4479570877562446,1.031237498039265,0.8045598758195239,0.3670009010441413,-0.7721329831247451,-0.4480950617433497,-1.742550546193429,1.1152002181021352,-0.20541285781144364,1.164443323303319,0
1.01345887959028,-0.8174842521716494,-0.4913157125300341,-0.5401950172751396,-0.13647938743449956,0.7747921008959539,0.5652097937895152,0.40292281012221615,-0.02623165181580979,-1.2818778429156008,2
0.7715187633825402,-1.2927172548864123,-0.687813597062629,-0.6543216593041301,0.0038562524116154385,0.8850351994650314,-0.2109134373155342,0.1528244829202097,0.7148241723019434,-1.4889388002728812,2
-0.18871232319598688,1.1386472170931499,0.914143476687186,0.5979561393802879,-1.0537732984846202,-0.8624519657807089,-0.6881381361305005,0.7943116041023472,-0.5784745446747803,0.7228769472220963,0
-1.5089001823577315,1.0502399459169136,0.7845843438640518,-1.2830238850568616,-0.8440606731555093,-1.0119414226455907,1.490935969199403,0.20994386240030072,-2.0329750073402724,-0.2509244150602524,1
0.5436536833922788,-0.794255335829769,-1.1867388257592824,1.8006220290349522,1.4373655968067836,0.8424453522345394,1.3786542957163515,-1.3129833761011946,-0.08123387710990987,0.10614716146948401,3
-1.3691147779237371,0.9122797858213606,0.5802142741577583,-0.8313530761444554,-0.867336081026711,-1.1395942807054915,1.125306124653404,-0.038275203414264866,-0.5867367939787289,-0.1406630491238871,1
1.1480338953161404,-0.880892345369872,-0.9781996676260528,1.5442007918237823,1.3273391125737957,0.7018883933417606,-0.2672023001956865,-1.2511103623601967,1.7394126536584238,0.8170159086790786,3
0.7662009533368299,-1.022091454949335,-0.5544375325499791,-0.5127415196240988,0.03528597099585235,0.9918794356567718,0.8085114078150852,0.28507717873830807,0.7112525382999966,-1.4311371177392453,2
-1.6998378609374003,1.04365976489938,0.9030390944523565,-1.4685042239713866,-0.8971894765147153,-0.9462067451986882,0.4273346813126102,-0.11679135266785022,-2.229363603443746,-0.34901664894559264,1
-1.8333810650099291,1.051797955817343,1.5475008763704328,-1.3628987602334852,-1.3280447017679484,-1.004514756124841,1.3786145381959456,0.5760260639172519,-2.1116289098717775,-0.17646640147663806,1
0.1853536428772298,-0.8506030950600296,-0.9327203404997294,-0.18293902799638714,-0.01274905194777391,0.8920214749526713,-0.5627457579013551,-0.047767834247792046,1.0771601204559975,-2.035941603479898,2
0.8123053117715187,-1.034909386094989,-0.4990403839105725,-0.2019317269566775,0.304328336767074,0.6342728541588614,0.2141887675835897,0.37485169122722906,0.3899901549794675,-0.9708918727879315,2
-1.2423611523191829,0.88637191251234,1.501558840650765,-0.8358617459145937,-0.8602584092003313,-0.6375195423023563,0.7363903740365767,0.287068054750061,-0.9698460998277836,-0.5761606189191639,1
-1.6531552631289952,0.9888655679945811,1.6779834836204348,-1.5167280393560627,-0.7028160671771587,-0.8279993108074266,1.3691821236507957,0.08979242231556099,-1.0875237859768787,-0.4408392252437323,1
-1.62902185218098,1.0537948547857257,1.5295585255511928,-0.3008015233307883,-0.6235440941914294,-0.980437281521965,1.0264811671163385,0.2961849146503322,-1.5062760220789067,0.20997157115223075,1
-1.562608770367624,1.1305726785361458,1.1217074240578413,-1.3187692225972414,-0.8314523681021752,-1.1239614953188928,1.3631029399314771,0.06975319399320869,-0.026426722556416555,-0.34233707555232634,1
0.7932796807873582,-1.2362804877298237,-0.09587703287680756,-0.15894609188385783,0.21386426465019565,0.7513296379912495,-0.20299687402106728,-0.014397099069207303,0.3527203405235892,-0.8637494080812614,2
0.48483293900744523,-0.8608666599019628,-0.5902331643552875,-0.5600212707269214,0.07782671245896858,0.9064069346775455,0.568301158593911,0.00563444941514397,-0.6133041869300667,-1.4126830035449267,2
-1.2533081915503257,0.9257605767536103,0.9653740480767669,-1.050471444310813,-0.8578774073842228,-0.9530209669803363,1.9994901832165843,-0.00038072898770989563,-1.5313674789081961,-0.5169932030897746,1
0.5047782642738485,0.9360720226309865,1.0200393399065357,-0.03691815866318876,-0.6994586656024655,-1.269834024945131,-1.7338655272172612,1.7542444192627973,0.08262209521644538,1.394461790553965,0
-0.5644030130763871,1.210714790147,1.1428622797554258,0.17154982986201797,-0.7075921598902167,-0.950230190696575,0.5678687286450306,1.5466015135469289,0.12442604760111269,1.0453842440924586,0
0.9503160253367976,-0.9341464300615369,-0.981804800332395,-0.2987826976002071,0.11810951595216619,1.2658502620591723,0.10361571168163802,0.3153623669913674,0.4430981472186951,-0.8949307125037744,2
0.43317356811594915,-0.8689120304675589,-0.8047511149917219,-0.7775672662941292,-0.2680179553506615,0.8241656854843281,0.4337802332390359,0.16228237666451734,0.7840292142093453,-1.1401783594376043,2
0.6857628793923877,-1.037888493309886,-0.5923517276098239,-0.698284796549514,0.10518648472197585,0.764004572804931,-0.8753595570977529,0.19027013308731439,0.5516523969053599,-1.5349331295252409,2
-1.7067553887002453,0.862480623888467,0.9624678184937401,-1.3718461749591715,-0.7322512351911087,-0.5570341000608963,0.8950489871613605,-0.001773228438395662,-1.4870564980680656,-0.7894908836879378,1
-1.567007943371248,0.8704013994065595,1.195685436178844,-1.3573852824296795,-0.7534713324536526,-0.9396684142820908,1.369250032721182,0.1882524630901129,-1.3093671411367276,-0.08091665127319213,1
-0.32245363313988196,1.0005311291210814,0.7407715482156347,0.17894795487430573,-0.6991458758031869,-0.8457169579321613,-1.6758860439465646,1.1034855141967679,0.026428663112396073,0.64470055055682,0
0.8769867069900751,-0.786291732253413,-0.4374361923242931,-0.8034257780734899,0.6195049877646691,1.0036039538227797,0.620322439085352,-0.012137431621018633,0.4875989832184156,-1.0457419679614606,2
-1.463666591399693,1.0526559654535075,1.0218540301484371,-0.7278371671622756,-1.1193264795881597,-1.1315662219952987,0.6300205048614645,-0.3652885447150583,-1.409824442447245,0.17017011447635536,1
-1.5784259187585734,1.2799545893469415,1.1069423616643486,-1.2094087563301155,-0.8975563394513547,-1.0083709573564579,0.4529000903096857,0.1087238729199793,-1.1857492581474227,-0.3233778843813664,1
-1.3257868740162964,1.0994897007205526,0.6608214269223434,-1.263600326613023,-0.9367183312578644,-1.082934859723489,0.5896825366645853,-0.059204753224513636,-2.6109934851028456,-0.10170585068494223,1
-0.07855864973415505,1.0605689698339307,0.7776533585804654,0.24789375368783476,-0.9947248544851628,-1.1783757458582824,-2.2180253394449982,1.7112617818316094,-0.6188397902966823,1.1235446464609193,0
-1.9221415535236916,0.7140132998191187,1.4095471694134052,-1.175731474072779,-0.9100585611434518,-0.6939877415106952,0.31773036475348315,0.5414376440345644,-0.8411715555305775,-0.46948710312854497,1
0.7945664501414761,-1.120289304263573,-0.47652457941288745,-0.4553299037509705,-0.0975281941038121,0.774803084722398,-0.24131261146368876,-0.20683529468663758,0.693155599915393,-1.40544456698938,2
0.2598698979326237,-1.0972746097444885,-1.282915589526643,1.609456710609196,1.0940010334523154,0.976136866566054,0.7862133316134592,-1.2020887505477966,1.4092298685443065,0.44001821654895995,3
0.5148012640887188,1.149748831783346,0.41882317431771027,0.10955320857213911,-0.5525544477508075,-1.188860511050563,-1.0702043875027265,1.4564461340561967,-0.40774949433261454,1.3120388590173702,0
1.2077897197270986,-0.7734000318303027,-1.2825865148180746,1.5321797403103563,1.5211208423631382,1.3318171547669202,0.5727395507460565,-1.3635520221599005,1.7110614893654463,0.03529844019030765,3
-0.30442496957204207,0.7203086301660351,1.1421866994875647,0.5033750564322903,-0.9916164064779597,-0.4956057585521039,-0.7357928312797375,1.169084630181873,-1.4550828798422752,2.0115394937984563,0
-1.8985127528083694,1.133921291061081,0.9578386617933322,-1.051101699620651,-0.6937241845647082,-0.9924309073469316,0.2069842037823726,-0.11630000588060582,-1.9029197679049183,-0.5718351590346973,1
-0.14711366744035098,1.0347564327440906,0.9243869514539692,0.13143503602395,-0.7867475961582959,-1.0201756447305383,-1.2853827081234313,1.051946596733237,0.22594922808901302,1.4779582236012796,0
0.14361906933902205,0.9020833399241429,1.041325992967668,0.12962813014251104,-1.2947896385226485,-1.2592179431921924,-2.50907129729921,1.1621108697724938,0.22189184125188532,1.8286623677474751,0
0.33707301821846025,-0.85966750677624,-1.3172351180770854,1.5681027437796027,1.742265283153329,1.076313526587367,1.1061830437832365,-1.442320659799689,0.15717156637279986,0.5814507711480531,3
1.0518956078760935,-0.9711204949422836,-0.45913354954325414,0.45569948578434377,-0.4066556050524577,1.345516593320234,-0.3512083774123287,0.10261301857901209,0.10204668915930783,-1.421821269245625,2
-1.706039049782053,1.1959526674761196,0.9963247474400652,-1.226954182022016,-0.9742987928234934,-0.838326122141047,1.976366929587034,-0.21483238785033754,-1.2765669967759465,0.09599328419195133,1
0.22599540848445063,0.6443540953843149,0.6835426640957236,-0.057943404563942334,-1.1278293833960427,-0.7512598891664323,-1.6368467621689018,1.3445480007816075,0.17837339957747894,1.4717212700107556,0
1.2956745072024722,-0.905730665970234,-0.25518727419952003,-0.9330062500970546,-0.24534442308688476,0.9067052294882181,0.14003547611644945,0.4970207615900994,0.6026374085062082,-1.3677903778722487,2
-1.5387268966756942,1.0906526680744209,0.8298368181707914,-1.0076562861792773,-0.8018284823354656,-0.7066754195016826,1.4323411005295505,0.7410037220604899,-0.9066385476106027,-0.22732720677985566,1
-1.7252821619263037,0.7322163632539386,0.6603450531434748,-1.538122750017302,-0.6998096564551956,-0.8183896775587006,-0.2887311993220999,0.2981145413447844,-1.6144367435239537,-0.28059869526386444,1
0.9624295297205504,-0.7330953631673162,-0.7925553100952869,-0.11863719485006231,0.27073718660933743,0.8861926498457977,0.5334347297686741,-0.26163074941441833,-0.41680072527125894,-1.4766849462378957,2
-0.5700175167833811,1.1944532432412478,0.8425110821035765,0.039898034650081425,-0.48872047919226813,-0.9960338518758369,-0.6129982106386346,1.2716310526887376,1.5821675762985563,1.852144104624681,0
0.29171826615834545,-1.2575003724218434,-0.7376642755191,-0.06436440857905693,-0.05671216294403047,0.9832227067961514,0.0764392876506128,0.061771191677827,0.0807791823436479,-1.6512884129167198,2
-1.036749879442869,1.171683345288007,1.0114823401963924,-1.3554674419346848,-1.2430485461830791,-1.105957996415123,0.562960237182106,-0.19383084529739758,-1.380120709283075,-0.3014132163024842,1
0.4669770197553255,-1.2003639933318413,-0.6869095998365723,-0.6719944881488424,-0.11153510370189022,0.6380440561467879,-0.4560633206148481,0.07493389502076846,0.528673894735605,-1.4614577151830763,2
0.5528013351517044,-0.9171549128064109,-1.5575864927015588,0.995443217143883,1.5012290004172615,0.9851289577358519,0.45007210704706674,-1.7336112167757545,0.6814088596864154,0.3467869266141936,3
-0.21652814362024242,0.8152577314469984,0.7295694372617454,0.343699147668369,-0.41347954581157625,-0.9822387653091597,-1.185997630443548,1.2345265641813026,-1.0683563486768952,1.3218630950182428,0
-1.43524701165491,0.9456137334944693,1.2151486711866715,-1.2179819603939832,-0.675112076813156,-0.9443860832900018,1.3942119976985785,0.05075057289155216,-2.473610925526838,0.051264197319907265,1
0.9277538091714372,-1.1934380868632863,-0.5972750071044263,-1.0474369922645583,0.04328749298380524,0.7464925528334752,0.39652989909803255,-0.11611508122633207,0.05458880499441723,-1.4847106740281384,2
-0.5914785320721888,0.9986139116943195,0.5934112903561283,-0.13770246513619444,-0.9822790626196046,-1.276422624420371,-0.29729917281027174,1.4844136525007126,0.20431433281629668,1.770185884049213,0
-2.099628837312676,1.1709099922312687,0.7957945030396242,-0.9279306474196005,-0.7565947702841147,-1.16094475021376,0.4411761771712796,0.24356252905296605,-1.2221680795908867,-0.1503627358542938,1
-1.6445733177189557,0.9881980507310344,1.0527069076635232,-1.2180875805975566,-0.8179198322591011,-0.5631306109763383,1.0429011773351509,-0.013045057691778491,-0.8284977674040385,-0.42362925779728927,1
0.6877553028839594,-1.137021623277598,-0.8395638976271415,-1.0410006962833993,-0.026179571325159197,0.9786097719031713,-0.2325836577249623,-0.08120371750284268,-0.49754617161765197,-1.114553863937961,2
-0.9177233745423624,1.033072661590822,0.9893353994410516,-1.071874671453973,-1.062333832803682,-1.1650841346537597,1.4404398042091116,-0.10750592553568261,-1.9899840595595533,-0.16457620771566375,1
1.3398866155214677,-1.0689549635501387,-0.15612018992062257,-0.3646254590983592,0.16964947497380822,1.0279508122973078,0.07228415661049681,-0.4763102800255793,-0.05338812385091615,-1.0440487793432027,2
-1.3544447331900955,1.1465822076919794,0.9410128115575433,-1.8035364982680222,-0.8824741450374359,-0.8457725048084292,-0.22514987260811478,0.1121068990949277,-1.3028951452760882,-0.15188689156681798,1
-0.514852286061674,1.0970246948317537,0.8055696767204868,0.18869728533877822,-0.8329337879999659,-0.9417213648391363,-1.6816415658567052,1.0505626856845496,0.3400654604662802,1.0385893271992899,0
0.07807085614240931,0.9434398381666446,1.1890066744820604,-0.044873097905491356,-1.1796715813361962,-1.1851692022960265,-1.3744409064412755,1.3175844551828717,0.04895127396896629,1.434525532492512,0
0.9537047724012991,-0.8650572848167611,-1.3619085920821365,1.7332489727117741,1.3339912017597026,1.2782617589565102,0.7933279954805245,-1.512110353445258,0.9345214721032148,0.2347225929821923,3
-0.14103779630480964,1.4318262161797466,0.5825830217849471,0.6692542333451659,-0.4603005133291511,-1.1527747874127083,-0.9923970113945014,1.6795895706190085,-0.042890275806225904,1.269168005285904,0
-1.2796683894661516,0.689406873831234,1.371374408646019,-1.5587768770146522,-0.5279139849881075,-0.6736591320258657,0.01601433964225779,-0.043189291363979095,-2.0291430798762367,-0.3882450064922605,1
0.8215549772454972,-0.7947943342700508,-1.4074234673928712,1.5638088698949708,1.6570691251780798,0.5715515474040772,1.9500737482125265,-1.0868184107351528,0.6832096660573,-0.0613914713239126,3
0.928464563099258,-0.869881609963629,-1.2496563189649244,1.4581056684499822,2.123574514342007,1.2914583428363224,1.146629588769577,-1.3949270130100921,1.6185663796718435,0.42080019963315296,3
-1.3720135148484611,0.7825432760454895,1.2717989539341266,-0.886671256201727,-0.9312167216013925,-0.9286477344416904,1.1189964767120628,0.009475827227604367,-0.5780505078994126,0.3792054597120055,1
0.7167666441206628,-1.0220907228270226,-0.8066688361361869,-0.715038500190669,0.4050350835765638,1.097319260292606,-0.7472688160356808,-0.39004072736106093,-0.08544730267050872,-1.3590931502792465,2
0.9688605698117957,-1.330859379841409,-1.2701102141526552,1.5097652877847607,1.524870886070349,1.3165217008669718,0.9594852939792448,-1.08170939718765,0.8039195170150311,0.5456385020943493,3
0.30530132307053076,-1.1133509761357634,-0.6378263467650592,1.3875371256880258,1.7513575751104191,0.8617220839534708,-0.6021388922822839,-1.4686468748233197,0.7708545383210267,0.14764065175927607,3
0.6256831263825102,-0.8429890363785855,-1.6258951523944234,1.1571963873879763,1.9094886648083167,0.9327682245324233,1.6007094034938496,-1.444594107795197,-0.2790217723060003,0.5321244913587057,3
0.49288484045817943,-1.390381556952987,-1.2223862027670014,1.6285973908742561,1.6460551516340267,0.5575200958105486,0.47918391305552044,-2.00394526877497,1.860035578753597,-0.056565830687816836,3
-1.5771146153255176,0.8531229572818569,0.9400945769192556,-0.9654098464574589,-0.3847779330429622,-0.8451009324316385,-0.049206575250031484,0.18038654349861005,-0.49569221620363135,-0.5057561319019266,1
-1.5208117950263935,0.9602534547043886,1.078065902499108,-0.9763382365384599,-1.0249836420477298,-0.6765593262226832,1.1389216474890813,0.2518915096330427,-1.0006552224640708,-0.3184464529259265,1
0.8899214248240349,-0.7772398750805349,-0.7933332395642875,-0.7576817631059645,-0.11213323753868065,1.1360241350320064,0.38721038954339543,0.14544976331643264,0.9206153301059099,-1.646153940877093,2
-1.3522428838844205,0.9617000875502703,1.0442199650646493,-1.0341283196640707,-0.7405105752071578,-1.4572914724541748,0.5513545004258626,-0.158344545457496,-1.176000120656675,0.5641304491069571,1
-1.6779044074474052,1.0251074786029113,1.1095025265900391,-1.3914434214374793,-0.47555123060573423,-1.1403903440344099,1.296866688135985,0.17583662594401256,-1.723112202987403,0.20404918159606542,1
-1.3792755922328026,1.3134569417057904,1.0716449944103774,-0.9442793520637318,-1.0049711449111782,-1.0281912527229855,1.1265859960589382,0.28610843726132856,-1.488492269048568,-0.345592361132543,1
-1.1608038645092074,0.8293051110026941,0.9666640651202585,-0.998759012333054,-0.5838686379829098,-0.9964429966172065,0.3227690131564753,0.43594041696955493,-0.13451923859894807,-0.03297565147667049,1
-1.45742322158697,0.943795374802852,1.150374668967425,-1.1984209861337305,-0.7219677034200488,-0.6289522548858948,0.06849602547532445,0.36210715015115025,-0.41544518083387616,-0.3594216446794974,1
0.15762095023527103,0.6752032746181921,0.5400345743367878,0.4851750207532144,-1.0577177548763053,-1.0757337162980316,-1.0041653633180418,1.0008930001999692,0.27980887527690657,0.9327468698389779,0
-1.4130950419989916,0.9993111769496633,1.0804297849421614,-1.3204894331297512,-0.8115428884391179,-1.1539875596659224,1.2475958464364545,0.3347607590424239,-2.5223354360243335,-0.6009073591805962,1
-0.28742969351854697,0.776520694662227,0.6179109461942983,-0.08542837406859997,-0.8294192614261572,-1.2034520128844421,-1.2007707034158481,0.8473278327338291,0.43000432618065504,1.577812347985067,0
0.32364809096623537,0.867034931480964,0.5814803677421418,0.10493427122726821,-0.6314953119224836,-0.9461314782532892,-1.6754254398028947,1.3881341139114582,0.27428209371196155,1.6180229574765972,0
0.8095312684201923,-0.9782930966062826,-1.2507247236363581,1.3331965948426396,1.1145225066908766,1.4923829519371123,0.793844789980146,-1.3200857129824901,0.9091891827186972,0.047873458979132866,3
0.3274900539381225,-0.8803325184198221,-1.0549013287345284,1.3586763830670299,1.7445622406842367,1.673296459844788,0.6324235674278543,-1.3213507745737225,0.4561816664211682,0.3205851025740754,3
0.031734779277886406,1.0090438652213503,0.6405570380029073,0.06015864945591677,-0.8428124845409014,-0.748472394107498,-1.008176183254471,1.157118581488549,0.7236076190667255,0.4820256845345656,0
0.9813425326092594,-0.8219768519102129,-1.7055864612538534,1.4926027348472901,1.4819874797844919,0.8364038615758338,1.5370385523659449,-1.594996053607378,0.4106778307679841,0.28917150879064796,3
-0.4017471423818582,0.9528223098260524,0.765649272847989,-0.06814309242214005,-0.4994448587557192,-0.8176470921827701,-1.4834638867273249,1.2610111124535566,0.34841598790907946,0.7221321450118976,0
1.7421432820866998,-1.1397848570956728,-1.2126794437436237,0.9192668016041907,1.7114255688416389,0.8857180398590058,1.8929884998987185,-1.6266044158493471,-0.177307458457909,0.12639628446613074,3
-1.961549141548049,1.1467464327596386,1.0917886541240815,-1.5047559412182054,-0.8292414387170258,-1.1136872980323378,0.8926216103850766,0.4145295697577144,-2.5416403803364003,-0.2900525531167815,1
0.8690941487660921,-1.133974859106145,-1.2147465303790446,1.7410299576328507,1.3994405801622332,1.347722203506158,0.6402791534378632,-1.6561790237714875,1.612222254338257,0.18129451738701935,3
-0.4043869230566847,1.1536095167197729,0.5492395175178055,0.9310722819930081,-0.7262857435889716,-0.9798362754963256,-1.8796965281265545,1.4370204152448933,-0.17377409973254013,1.366063832341532,0
0.31447523774483205,0.99735436059631,1.00257220978851,-0.15438967626266276,-0.7771002633936631,-0.8147738161834853,-1.2949511381379986,1.532463108827507,-0.1349110079840883,1.7491762650898435,0
0.46537677755391543,-1.452552332663027,-1.4534500309442244,1.7202745620505413,1.7032952863148278,0.9622279335995418,0.6834248950701075,-1.6041977658822812,1.0841359962967152,0.4945704756062572,3
0.5194431322712015,-0.7861484755132031,-0.7961680043638522,-0.14997702393203077,-0.002477920404435305,1.3141070455261332,0.2495363185632417,-0.008290418536378494,-0.2135796894998894,-1.397022671828858,2
0.7018971674320886,-0.8000222034559431,-1.0032513565705632,-0.6816418591996731,0.1041531845444598,1.0468004820059773,-0.4894368784396462,0.036517038918700645,-1.5249689527474035,-1.4914634012511774,2
0.6632702932912565,-1.1111170958943581,-1.3083825470553736,1.597651616385945,1.585114960804146,1.0860009674317492,1.8245838514667412,-1.5137638178313422,1.1331498072829116,0.11510245472151376,3
-0.07539220674899907,0.8338818295124786,1.0399148409566787,-0.1643077772192501,-0.9625946506009235,-0.9347819981330484,-0.37290216713235774,1.2367993017552668,-0.16016134904069443,1.8895870876058973,0
-0.12207046128718256,1.3520769090941136,1.1617565526756448,0.3522060442977855,-0.8285389171332408,-0.9950135173091201,-0.964712111000172,0.9866621837111034,0.038201048691495945,0.8331820404274541,0
-0.0920513056312874,0.727618800302285,0.9944315929557606,0.10704313883990599,-1.1866462098838388,-1.1233890725233286,-0.4131625416842577,1.4762020910557698,-0.022592264533494978,1.2258143421662464,0
1.3319317470358987,-1.3290001770361137,-0.4759509211293125,-0.45391005981895755,-0.1172755182744484,1.0409865336787787,0.6228885478271645,-0.5518829186226344,0.4672085050152234,-2.037567146630393,2
-1.2323007067398466,1.0605264454354135,0.9327922811690008,-1.0252652589070996,-1.0166548407323872,-0.9121081377874385,0.6735510629148999,0.009788670976041927,-1.3783094396250406,-0.8843237619430742,1
-0.11328862083469173,0.9700855573952994,0.6634931015023822,0.4013731138725035,-1.0768366816097752,-1.0564699608112922,-1.2713213851306862,1.3884402768211768,0.6835893077850742,0.9950594934582597,0
-1.7832263958802679,1.0673147630842095,0.8031467286544705,-0.8074908524110845,-0.8641425596184965,-0.8904212889732729,0.870312855527938,-0.003485552138562851,-0.901935877897563,-0.4656159886425227,1
1.0891785875566231,-0.8389026282851197,-1.3119277093966413,1.4158509815665827,1.7017706221500115,1.312141311945026,0.7758103671586618,-1.5467616377327047,0.2864684151113399,-0.16344928448198623,3
0.4975913890404303,-1.1486705739601604,-1.162000318659267,1.322972240136135,1.6582477797774458,0.8067815239636019,0.8098445333372177,-1.08351643925903,1.3381687388657848,0.14391005593009673,3
0.16820876928332917,1.0802753974492945,0.6943361243979713,0.4372532436451145,-1.0106324395302542,-1.0785875424376978,-1.6478264741460624,1.2753831155790811,1.7512825389781141,0.7740544229154627,0
-1.7731270587095436,1.2133584842059497,0.8007734651148098,-0.6875576058234046,-0.9620589288816909,-0.7880217723367465,0.4899242450027531,0.2218350096500812,-1.6551005272894692,-0.37273164613756227,1
-1.5548602392556745,1.0108587639728401,0.8933311122795142,-0.9496727926381613,-0.7869623532602036,-0.839278522327077,0.14250312096509443,-0.05015309687011239,-0.8115623674896228,-0.4352397466009556,1
-0.4325792204645635,1.049479879045349,0.7153425634727394,0.42539978950968477,-0.7307953129670702,-1.0401812614519834,-1.872507785047548,0.8580564429681469,-0.08777293848781574,1.5846184236205405,0
0.08876959829054755,0.6675070278314277,0.6584898034415306,0.5242341173458083,-0.8226378088758511,-1.2755319114086157,-1.7907676593409225,1.431606994539176,-0.2768298676179203,1.3941718431835823,0
-0.5271318602763441,0.661548627183848,1.0004501807421347,0.8802963982874992,-0.5261977093252513,-0.891057623315771,-0.9763764311707712,1.4770368421353772,0.7151021917333856,1.4134363726813852,0
0.5493934824749902,-0.9638304370143682,-0.7802977944627931,-0.6868030325060309,-0.16224894416992586,1.0940894355777409,0.36113394735555543,-0.03380617283854177,0.15782780434319957,-1.7266699424952254,2
-0.7063876302021704,1.0297146341503254,1.0473792361361935,-0.0816591883534158,-0.4614522404308921,-0.9249907941420352,-1.784369778569637,1.2394080312162392,0.5814931987239911,1.352372888992803,0
-0.12456235676090503,0.8624490160578928,0.6033657571036837,0.26524834953834336,-0.8943356598164669,-0.6708905853395349,-2.9940650938988265,1.5392655123219168,1.0395685870969642,0.712711490115479,0
0.907343523172195,-1.3991819035263868,-0.3437278153858659,-0.6209186840685038,0.7897126256818134,1.482106249103468,-0.2853149554047047,-0.00027737091404151124,0.7954580838461617,-0.7887031193878394,2
1.114333308913922,-1.1943830862622367,-1.4902300929297507,1.3633004743863129,1.8651495983913209,1.1030475338017451,0.09550681143373523,-1.5052508658946555,0.5385935748945717,0.05541102964799185,3
0.5302464326239573,-1.0167715586477633,-0.7609985234380455,-0.8728855523324917,0.11947770718040986,0.9914172649320753,0.3141516348788926,-0.085165652010735,0.4041397526420407,-1.1316506067846257,2
0.7732553379292159,-0.8945689285769399,-0.9857274972377486,1.1960775620570447,1.7209345525268807,0.8759532245160607,0.6151253198254876,-1.4052561981398475,-0.05145151918082104,0.03486228927712391,3
-0.8750218916400078,0.8977533455639926,1.2427259157927222,-1.0416636459622566,-0.46745894474225624,-0.5718278321740785,0.7141035492109948,-0.13273378940929237,-0.986337730465956,-0.5259728734763056,1
1.0523310583071024,-0.9061609289565092,-1.5592844152686356,1.5238167450039324,1.825849406723765,0.9261330342878656,1.537201273756537,-1.0862693282043618,2.055872837730871,0.35748518379578437,3
-1.4279983141787151,0.7608631359767518,1.179650308102539,-1.129950014476152,-1.1225217254604931,-0.6647515426952018,0.23755303738039973,-0.14758834144987673,-1.1591107941425252,0.01755076742422056,1
1.0046079744131797,-0.8295901466623272,-1.1361459889626395,1.4341802645894184,1.9031662247468248,0.9007259570833176,1.2911262425071541,-1.4342733983974576,0.5425714259806088,0.4429820173729882,3
-1.6772977065370298,0.9586556424843229,1.455831707103092,-0.7672186324943766,-1.0516563047650818,-0.7432099519892348,1.1986090547746115,-0.23593246161781423,-0.7473584641715698,0.13340505958515753,1
0.27415616911714485,-0.9951397531311112,-1.1005735709678124,1.132215005137699,1.8226661078326096,1.1283427471408929,0.24085517765318373,-1.4611382291299386,2.0123063968384702,0.4849489099612115,3
-1.3992459425509927,0.989362653486512,1.1336435781319871,-1.2741664258202368,-1.3075025564157898,-0.9689808446326927,1.5786527979035132,0.3062631330518645,-0.6497036012790007,0.04358884638336907,1
0.701250677993193,-0.6662458335664108,-0.4480854697346633,-0.9312543618666481,0.1705409475480194,0.5792161461005348,0.5005316158458117,-0.09562000195273002,0.06999415744549049,-0.9010104272286055,2
0.8020200034994077,-1.0241838996366184,-0.124089881854943,-0.9445675025170402,0.17493209207845856,1.2903430792865314,1.2395176860538983,-0.07817985683729033,0.4596720119157742,-1.1260072708639148,2
0.6070924208793823,-0.8722129389847135,-0.41857907913845643,-0.09194952563094895,0.02196071317979923,1.0981922717607122,-0.1115548123615854,0.36621057085477193,-0.34641230387186767,-1.0738542692232325,2
-0.5444714873910992,0.5606572031881147,0.8671542576231958,0.10485593637355506,-1.0664190881199045,-0.8572281520864935,-1.1945450503778166,1.1065538343500982,-0.6431111084444693,1.589397452748917,0
0.04234895549747637,1.2243322846945035,0.20093113127487602,0.02713782160152824,-0.707476465846658,-1.0706778758508173,-1.115381550061925,1.0961236675114439,0.2672968116237742,1.2834240033084123,0
0.9494188824078252,-1.1273173704136665,-1.0799910660769754,1.214345691477641,1.7427809897210609,1.273091591047226,1.2327955928327818,-1.3584620597644461,0.7937021626981319,0.0951018460783182,3
0.6298023300113896,-1.3707364896751364,-1.3625749552366548,1.7088795683368583,1.7079403005632208,1.1143871415677173,0.5232312812076795,-1.7584409140999753,1.290965410157768,0.018361894020146735,3
1.0973625822658108,-1.1850430401590069,-0.9001451075620188,1.6864098116626478,1.8321834633672358,0.9056860611906014,0.6040778380107297,-1.7987227304741036,0.5983113247674342,0.41355662255540765,3
-0.2600615641084058,1.151881054465663,0.9224986781935341,0.7239736996978197,-0.7059367524784829,-1.1072707537084368,-0.9789248722675775,1.5437601309279798,0.7560994230457434,1.4807186892270097,0
-0.32799652779493155,1.124673814034377,0.6989854893305567,0.5660904834254451,-0.9883241694786807,-0.9577845233723632,-1.8653920214328117,1.814650457370601,-0.5813651013586506,1.421956465070834,0
-0.5065588381375982,1.295412984880383,1.0363438812856953,0.11352250710767268,-1.2218043390573288,-0.7060487367788263,-1.4173057194645602,1.5775056470808488,-0.8523301590433006,1.151379281375834,0
-1.2565825131359794,0.7627960045897064,1.1018426230666918,-0.609466502688009,-0.9844516398316369,-1.0962601877516398,1.0136766454631905,0.11111942706084224,-1.0591640425233686,-0.178702004787849,1
0.831501649789229,-1.0677138537453512,-0.868258704055649,1.7422473377607077,1.4210653269933216,0.7015412508447403,0.45753623925140463,-1.3105836980958696,1.1077451350724483,0.639577714196429,3
-0.19186542406592544,0.6874832181350095,0.7102445635951986,0.16530595605960696,-1.4427324946444227,-1.0358405997549254,-1.4896619103729678,1.4359479011978507,1.4411054799529497,1.6650200537521802,0
-0.43559691494308134,1.0738114945838102,0.9021823888421778,0.15559969505400564,-0.7638316317854789,-1.3161347726120831,-0.7716856695082641,1.2056572021990244,-0.1385306560896096,1.6419394010594164,0
0.6319035567169033,-0.8075835070233363,-1.262485260161528,1.061338433480671,1.6240977936959176,1.528460246203139,1.003750397111906,-1.4391804843805398,1.6639812028432321,0.3293397090897174,3
1.2028446246711413,-0.9487644251673955,-0.8516129152613637,-0.8626755151308786,0.4378677617607438,0.7201566423536693,-0.8894927686863988,0.3247692983403004,0.3578499049893129,-1.5746954894275982,2
-0.09188918332726409,0.8045002037135196,1.114982967773902,0.3792471232113128,-1.0700153162770183,-1.0677019730111905,-1.8904264175090166,0.8925690025301216,0.826496897554511,1.897997152526518,0
0.5008873782122112,0.8358750193398552,1.1636832963575379,0.2893620093835969,-0.9833671652740915,-1.1364505283262156,-1.545244929786805,1.3648461265326588,0.5578544457946825,1.1590201821004145,0
0.22508061434579332,-0.9839428292655228,-0.3939433374176411,-0.611403833252174,-0.04143389604444604,0.9042712137449285,-0.4028889976745562,-0.32481661737678735,-0.34364709331859605,-1.1404350818816156,2
0.8394729623565237,-1.2037477779937331,-0.7394936729747503,-0.9178381746683321,0.2809832870331559,0.44845258528387205,0.544605814965758,0.38985822975769086,-0.0689050154175729,-2.070263412305199,2
0.44206520552777895,-1.2650973360546136,-0.7089662745733254,-0.305520705041103,-0.27982192424171615,0.27830472479013063,-0.45297873663149846,0.1717209662986105,0.9317835650612925,-1.4334053806235183,2
-1.8164924906119941,1.0194257918648963,1.1710438840438688,-0.9378571781042285,-0.7201754484649188,-1.023490435213601,0.1797408818578144,0.08669805441670268,-2.0067869678743278,-1.1936799998525087,1
-1.259793947250129,0.9018803753539691,1.034685942776461,-1.0460689829168857,-0.8156504953517595,-0.561093449993661,0.9994205207278335,0.2562542257325713,-0.8511918815847678,0.0249421267955027,1
1.1064363580456626,-1.0890020565812821,-1.6112469729816845,1.4438843674120572,1.56756498972751,1.1425223019142545,1.2875986140315747,-1.4396764052362478,2.183599890790574,0.3333770417794335,3
0.9697095862659406,-1.075661514835,-0.607327403412063,-0.3842627922435258,-0.3674092253567457,1.2503393035478625,-0.1273365271348514,-0.08003442824791782,0.07292609404305113,-1.3067493334834956,2
0.9559326180154822,-1.1609138950108215,-0.5412554326755477,-0.4832454579352175,0.06300046654065128,0.4529420191554981,-0.07275042657755247,0.6057929842128197,-0.10744128447632902,-1.5122444590366375,2
0.44575625558691917,-0.9058896168648333,-1.4725345012267697,1.603479351994337,1.5949968702036588,0.5530837754925808,1.104450150792094,-1.2122331900348966,0.2858045892758859,0.39169389995535375,3
-1.583157667386213,1.0002547021583248,0.7225893366707914,-0.985001060797411,-0.6313291965678408,-0.9520978473488082,1.3931571337064814,-0.023132930013924448,-0.9166473142844341,-0.6277370872826168,1
-1.4468350167911692,1.0989242884353274,1.2252970333095516,-1.0094277612904357,-0.5713933843869724,-1.0820930508118902,0.34714275002325223,-0.22335845050775874,-0.9999722026109559,-0.0924724212546476,1
-0.09235314922845246,0.8380674935189727,0.9895928814140871,0.19843071893267225,-1.0224613583471607,-1.0983931345172002,-1.0894057465252542,1.1066463778388032,-0.3380082638275,1.402275097041266,0
0.14330546455406865,1.051888092185028,0.8008912602709974,0.33339532470605704,-0.29732162503226905,-1.0366190621459892,-1.2210903344240283,1.5285881205874887,0.9459503213811432,1.683014555373519,0
-0.5240897149093412,0.8282650133083244,0.7588937218321304,0.710227451848222,-0.9533172492114435,-0.9707137824196143,-1.356311794278982,1.5645882072054809,1.8926656866996185,1.1717667815840767,0
0.9510497767235699,-0.9963229699764473,-0.7113029235862189,-0.6228897202100809,0.07903494572637372,0.44304558898515145,0.11229996226867056,-0.22854921568099223,-0.6358072398363434,-1.7977229552965381,2
-1.775595463637666,0.8574327735037095,1.0211042955259777,-1.0237200799412138,-0.5546300262216508,-1.1256367453087637,1.622130928490962,-0.006679070560613033,-1.3069296536667179,-0.5466550159317082,1
0.9711905754197222,-1.1079826901871772,-0.4583942720003019,-0.06913679062341758,0.244531168025059,0.9303314485997513,-0.28637262357844695,-0.06570641019785584,0.918715277958132,-1.4822571371036264,2
0.5097889651796358,-0.7402679361630466,-0.1263677042859743,-0.5782562390563387,0.2885397403876919,1.2557665435949361,-0.6340797413288054,-0.09932646337910482,0.9521729284454777,-0.794107049410791,2
0.552094560710688,-1.1629679806324749,-0.6075511493199203,-0.4981457608326198,-0.05641736914506552,1.2582787446760046,0.09110108370501904,0.037825440382528844,-0.8240152600981353,-1.6871558465586751,2
-1.1484395097522475,0.8129176423447245,1.2285671839053816,-0.8062181913604215,-1.1592301409832555,-0.8626704988834277,0.3807873807032214,0.04287592767635775,-1.0611312724563389,-0.46928388834389595,1
0.8051583822332615,-0.7920299555961897,-1.3113303071452729,1.7825905862134466,1.8166098803067237,1.2293154659828374,0.4115443569436581,-1.7063801178286577,0.5390834740362049,0.3250460693218648,3
